No.1,肖申克的救赎 The Shawshank Redemption,9.7,参评人数： 1978998,类型： 剧情 犯罪,制片国家:  美国,语言:  英语,上映日期： 1994-09-10(多伦多电影节) 1994-10-14(美国),片长： 142分钟,又名:  月黑高飞(港) / 刺激1995(台) / 地狱诺言 / 铁窗岁月 / 消香克的救赎,导演: 弗兰克·德拉邦特,编剧: 弗兰克·德拉邦特 斯蒂芬·金,主演: 蒂姆·罗宾斯 / 摩根·弗里曼 / 鲍勃·冈顿 / 威廉姆·赛德勒 / 克兰西·布朗 / 吉尔·贝罗斯 / 马克·罗斯顿 / 詹姆斯·惠特摩 / 杰弗里·德曼 / 拉里·布兰登伯格 / 尼尔·吉恩托利 / 布赖恩·利比 / 大卫·普罗瓦尔 / 约瑟夫·劳格诺 / 祖德·塞克利拉 / 保罗·麦克兰尼 / 芮妮·布莱恩 / 阿方索·弗里曼 / V·J·福斯特 / 弗兰克·梅德拉诺 / 马克·迈尔斯 / 尼尔·萨默斯 / 耐德·巴拉米 / 布赖恩·戴拉特 / 唐·麦克马纳斯,豆瓣链接：https://movie.douban.com/subject/1292052/,IMDb链接： https://www.imdb.com/title/tt0111161
No.2,霸王别姬,9.6,参评人数： 1464289,类型： 剧情 爱情 同性,制片国家:  中国大陆 / 中国香港,语言:  汉语普通话,上映日期： 1993-01-01(中国香港) 1993-07-26(中国大陆),片长： 171 分钟,又名:  再见，我的妾 / Farewell My Concubine,导演: 陈凯歌,编剧: 芦苇 李碧华,主演: 张国荣 / 张丰毅 / 巩俐 / 葛优 / 英达 / 蒋雯丽 / 吴大维 / 吕齐 / 雷汉 / 尹治 / 马明威 / 费振翔 / 智一桐 / 李春 / 赵海龙 / 李丹 / 童弟 / 沈慧芬 / 黄斐 / 徐杰,豆瓣链接：https://movie.douban.com/subject/1291546/,IMDb链接： https://www.imdb.com/title/tt0106332
No.3,阿甘正传 Forrest Gump,9.5,参评人数： 1500635,类型： 剧情 爱情,制片国家:  美国,语言:  英语,上映日期： 1994-06-23(洛杉矶首映) 1994-07-06(美国),片长： 142分钟,又名:  福雷斯特·冈普,导演: 罗伯特·泽米吉斯,编剧: 艾瑞克·罗斯 温斯顿·格鲁姆,主演: 汤姆·汉克斯 / 罗宾·怀特 / 加里·西尼斯 / 麦凯尔泰·威廉逊 / 莎莉·菲尔德 / 海利·乔·奥斯蒙 / 迈克尔·康纳·亨弗里斯 / 哈罗德·G·赫瑟姆 / 山姆·安德森 / 伊俄涅·M·特雷奇 / 彼得·道博森 / 希芳·法隆 / 伊丽莎白·汉克斯 / 汉娜·豪尔 / 克里斯托弗·琼斯 / 罗布·兰德里 / 杰森·麦克奎尔 / 桑尼·施罗耶 / 艾德·戴维斯 / 丹尼尔C.斯瑞派克 / 大卫·布里斯宾 / 德博拉·麦克蒂尔 / 艾尔·哈林顿 / 阿非莫·奥米拉 / 约翰·沃德斯塔德 / 迈克尔·伯吉斯 / 埃里克·安德伍德 / 拜伦·明斯 / 斯蒂芬·布吉格沃特 / 约翰·威廉·高尔特 / 希拉里·沙普兰 / 伊莎贝尔·罗斯 / 理查德·达历山德罗 / 迪克·史迪威 / 迈克尔-杰斯 / 杰弗里·布莱克 / 瓦妮莎·罗斯 / 迪克·卡维特 / 马拉·苏查雷特扎 / 乔·阿拉斯奇 / W·本森·泰瑞,豆瓣链接：https://movie.douban.com/subject/1292720/,IMDb链接： https://www.imdb.com/title/tt0109830
No.4,这个杀手不太冷 Léon,9.4,参评人数： 1694548,类型： 剧情 动作 犯罪,制片国家:  法国,语言:  英语 / 意大利语 / 法语,上映日期： 1994-09-14(法国),片长： 110分钟(剧场版),又名:  杀手莱昂 / 终极追杀令(台) / 杀手里昂 / Leon / Leon: The Professional,导演: 吕克·贝松,编剧: 吕克·贝松,主演: 让·雷诺 / 娜塔莉·波特曼 / 加里·奥德曼 / 丹尼·爱罗 / 彼得·阿佩尔 / 迈克尔·巴达鲁科 / 艾伦·格里尼 / 伊丽莎白·瑞根 / 卡尔·马图斯维奇 / 弗兰克·赛格 / 麦温 / 乔治·马丁 / 罗伯特·拉萨多 / 亚当·布斯奇 / 马里奥·托迪斯科 / 萨米·纳塞利,豆瓣链接：https://movie.douban.com/subject/1295644/,IMDb链接： https://www.imdb.com/title/tt0110413
No.5,美丽人生 La vita è bella,9.5,参评人数： 946555,类型： 剧情 喜剧 爱情 战争,制片国家:  意大利,语言:  意大利语 / 德语 / 英语,上映日期： 2020-01-03(中国大陆) 1997-12-20(意大利),片长： 116分钟,又名:  一个快乐的传说(港) / Life Is Beautiful,导演: 罗伯托·贝尼尼,编剧: 温琴佐·切拉米 罗伯托·贝尼尼,主演: 罗伯托·贝尼尼 / 尼可莱塔·布拉斯基 / 乔治·坎塔里尼 / 朱斯蒂诺·杜拉诺 / 赛尔乔·比尼·布斯特里克 / 玛丽萨·帕雷德斯 / 霍斯特·布赫霍尔茨 / 利迪娅·阿方西 / 朱利亚娜·洛约迪切 / 亚美利哥·丰塔尼 / 彼得·德·席尔瓦 / 弗朗西斯·古佐 / 拉法埃拉·莱博罗尼 / 克劳迪奥·阿方西 / 吉尔·巴罗尼 / 马西莫·比安奇 / 恩尼奥·孔萨尔维 / 吉安卡尔洛·科森蒂诺 / 阿伦·克雷格 / 汉尼斯·赫尔曼 / 弗兰科·梅斯科利尼 / 安东尼奥·普雷斯特 / 吉娜·诺维勒 / 理查德·塞梅尔 / 安德烈提多娜 / 迪尔克·范登贝格 / 奥梅罗·安东努蒂,豆瓣链接：https://movie.douban.com/subject/1292063/,IMDb链接： https://www.imdb.com/title/tt0118799
No.6,泰坦尼克号 Titanic,9.4,参评人数： 1448615,类型： 剧情 爱情 灾难,制片国家:  美国,语言:  英语 / 意大利语 / 德语 / 俄语,上映日期： 1998-04-03(中国大陆) 1997-11-01(东京电影节) 1997-12-19(美国),片长： 194分钟,又名:  铁达尼号(港/台),导演: 詹姆斯·卡梅隆,编剧: 詹姆斯·卡梅隆,主演: 莱昂纳多·迪卡普里奥 / 凯特·温丝莱特 / 比利·赞恩 / 凯西·贝茨 / 弗兰西丝·费舍 / 格劳瑞亚·斯图尔特 / 比尔·帕克斯顿 / 伯纳德·希尔 / 大卫·沃纳 / 维克多·加博 / 乔纳森·海德 / 苏茜·爱米斯 / 刘易斯·阿伯内西 / 尼古拉斯·卡斯柯恩 / 阿那托利·萨加洛维奇 / 丹尼·努齐 / 杰森·贝瑞 / 伊万·斯图尔特 / 艾恩·格拉法德 / 乔纳森·菲利普斯 / 马克·林赛·查普曼 / 理查德·格拉翰 / 保罗·布赖特威尔 / 艾瑞克·布里登 / 夏洛特·查顿 / 博纳德·福克斯 / 迈克尔·英塞恩 / 法妮·布雷特 / 马丁·贾维斯 / 罗莎琳·艾尔斯 / 罗切尔·罗斯 / 乔纳森·伊万斯-琼斯 / 西蒙·克雷恩 / 爱德华德·弗莱彻 / 斯科特·安德森 / 马丁·伊斯特 / 克雷格·凯利 / 格雷戈里·库克 / 利亚姆·图伊 / 詹姆斯·兰开斯特 / 艾尔莎·瑞雯 / 卢·帕尔特 / 泰瑞·佛瑞斯塔 / 凯文·德·拉·诺伊,豆瓣链接：https://movie.douban.com/subject/1292722/,IMDb链接： https://www.imdb.com/title/tt0120338
No.7,千与千寻 千と千尋の神隠し,9.4,参评人数： 1549602,类型： 剧情 动画 奇幻,制片国家:  日本,语言:  日语,上映日期： 2019-06-21(中国大陆) 2001-07-20(日本),片长： 125分钟,又名:  神隐少女(台) / 千与千寻的神隐 / Spirited Away / A Voyage of Chihiro / Sen to Chihiro no kamikakushi,导演: 宫崎骏,编剧: 宫崎骏,主演: 柊瑠美 / 入野自由 / 夏木真理 / 菅原文太 / 中村彰男 / 玉井夕海 / 神木隆之介 / 内藤刚志 / 泽口靖子 / 我修院达也 / 大泉洋 / 小林郁夫 / 上条恒彦 / 小野武彦,豆瓣链接：https://movie.douban.com/subject/1291561/,IMDb链接： http://toho.co.jp/sentochihiro/index2.html https://www.imdb.com/title/tt0245429
No.8,辛德勒的名单 Schindler's List,9.5,参评人数： 765504,类型： 剧情 历史 战争,制片国家:  美国,语言:  英语 / 希伯来语 / 德语 / 波兰语,上映日期： 1993-11-30(华盛顿首映) 1994-02-04(美国),片长： 195分钟,又名:  舒特拉的名单(港) / 辛德勒名单,导演: 史蒂文·斯皮尔伯格,编剧: 托马斯·肯尼利 斯蒂文·泽里安,主演: 连姆·尼森 / 本·金斯利 / 拉尔夫·费因斯 / 卡罗琳·古多尔 / 乔纳森·萨加尔 / 艾伯丝·戴维兹 / 马尔戈萨·格贝尔 / 马克·伊瓦涅 / 碧翠斯·马科拉 / 安德烈·瑟韦林 / 弗里德里希·冯·图恩 / 克齐斯茨托夫·拉夫特 / 诺伯特·魏塞尔,豆瓣链接：https://movie.douban.com/subject/1295124/,IMDb链接： https://www.imdb.com/title/tt0108052
No.9,盗梦空间 Inception,9.3,参评人数： 1438638,类型： 剧情 科幻 悬疑 冒险,制片国家:  美国 / 英国,语言:  英语 / 日语 / 法语,上映日期： 2010-09-01(中国大陆) 2010-07-16(美国),片长： 148分钟,又名:  潜行凶间(港) / 全面启动(台) / 奠基 / 心灵犯案 / 记忆迷阵 / 记忆魔方,导演: 克里斯托弗·诺兰,编剧: 克里斯托弗·诺兰,主演: 莱昂纳多·迪卡普里奥 / 约瑟夫·高登-莱维特 / 艾伦·佩吉 / 汤姆·哈迪 / 渡边谦 / 迪利普·劳 / 基里安·墨菲 / 汤姆·贝伦杰 / 玛丽昂·歌迪亚 / 皮特·波斯尔思韦特 / 迈克尔·凯恩 / 卢卡斯·哈斯 / 李太力 / 克莱尔·吉尔蕾 / 马格努斯·诺兰 / 泰勒·吉蕾 / 乔纳森·吉尔 / 水源士郎 / 冈本玉二 / 厄尔·卡梅伦 / 瑞恩·海沃德 / 米兰达·诺兰 / 拉什·费加 / 蒂姆·科勒赫 / 妲露拉·莱莉,豆瓣链接：https://movie.douban.com/subject/3541415/,IMDb链接： https://www.imdb.com/title/tt1375666 https://site.douban.com/106310/
No.10,忠犬八公的故事 Hachi: A Dog's Tale,9.4,参评人数： 995690,类型： 剧情,制片国家:  美国 / 英国,语言:  英语 / 日语,上映日期： 2009-06-13(西雅图电影节) 2010-03-12(英国),片长： 93分钟,又名:  忠犬小八(台) / 秋田犬八千(港) / 忠犬传奇,导演: 拉斯·霍尔斯道姆,编剧: 斯蒂芬·P·林赛 新藤兼人,主演: 理查·基尔 / 萨拉·罗默尔 / 琼·艾伦 / 罗比·萨布莱特 / 艾瑞克·阿瓦利 / 田川洋行 / 杰森·亚历山大 / 罗伯特·卡普荣,豆瓣链接：https://movie.douban.com/subject/3011091/,IMDb链接： https://www.imdb.com/title/tt1028532
No.11,海上钢琴师 La leggenda del pianista sull'oceano,9.3,参评人数： 1198154,类型： 剧情 音乐,制片国家:  意大利,语言:  英语 / 法语 / 意大利语,上映日期： 2019-11-15(中国大陆) 1998-10-28(意大利),片长： 165分钟,又名:  声光伴我飞(港) / 一九零零的传奇 / 1900海上钢琴师 / 传奇1900 / The Legend of 1900 / The Legend Of The Pianist On The Ocean,导演: 朱塞佩·托纳多雷,编剧: 亚利桑德罗·巴里克 朱塞佩·托纳多雷,主演: 蒂姆·罗斯 / 普路特·泰勒·文斯 / 比尔·努恩 / 克兰伦斯·威廉姆斯三世 / 梅兰尼·蒂埃里 / 皮特·沃恩 / 尼尔·奥布赖恩 / 阿尔贝托·巴斯克斯 / 加布里埃莱·拉维亚 / 科里·巴克 / 西德尼·科尔 / Luigi De Luca / 尼古拉·迪·平托 / 费米·依鲁福祖 / 伊斯顿·盖奇 / 凯文·麦克纳利 / 布莱恩·普林格 / 沙拉·鲁宾 / 希思科特·威廉姆斯 / 阿妮妲·扎格利亚 / 安吉洛·迪洛雷塔,豆瓣链接：https://movie.douban.com/subject/1292001/,IMDb链接： https://www.imdb.com/title/tt0120731
No.12,楚门的世界 The Truman Show,9.3,参评人数： 1062236,类型： 剧情 科幻,制片国家:  美国,语言:  英语,上映日期： 1998-06-05(美国),片长： 103分钟,又名:  真人Show(港) / 真人戏 / 真人世界 / 楚门秀 / 真人秀,导演: 彼得·威尔,编剧: 安德鲁·尼科尔,主演: 金·凯瑞 / 劳拉·琳妮 / 艾德·哈里斯 / 诺亚·艾默里奇 / 娜塔莎·麦克艾霍恩,豆瓣链接：https://movie.douban.com/subject/1292064/,IMDb链接： https://www.imdb.com/title/tt0120382
No.13,三傻大闹宝莱坞 3 Idiots,9.2,参评人数： 1329214,类型： 剧情 喜剧 爱情 歌舞,制片国家:  印度,语言:  印地语 / 乌尔都语 / 英语,上映日期： 2011-12-08(中国大陆) 2009-12-25(印度),片长： 171分钟(印度),又名:  三个傻瓜(台) / 作死不离3兄弟(港) / 三个白痴 / 三个傻蛋 / 三个呆瓜 / 三生万悟 / 寻找兰彻 / Three Idiots,导演: 拉吉库马尔·希拉尼,编剧: 维德胡·维诺德·乔普拉 拉吉库马尔·希拉尼 阿希贾特·乔希,主演: 阿米尔·汗 / 卡琳娜·卡普尔 / 马达范 / 沙尔曼·乔希 / 奥米·瓦依达 / 博曼·伊拉尼 / 莫娜·辛格 / 拉杰夫·拉宾德拉纳特安,豆瓣链接：https://movie.douban.com/subject/3793023/,IMDb链接： https://www.imdb.com/title/tt1187043
No.14,机器人总动员 WALL·E,9.3,参评人数： 948764,类型： 科幻 动画 冒险,制片国家:  美国,语言:  英语,上映日期： 2008-06-27(美国),片长： 98分钟,又名:  瓦力(台) / 太空奇兵·威E(港) / 星际总动员 / 地球废品分装员 / 机器人瓦力 / walle,导演: 安德鲁·斯坦顿,编剧: 安德鲁·斯坦顿 吉姆·里尔顿 彼特·道格特,主演: 本·贝尔特 / 艾丽莎·奈特 / 杰夫·格尔林 / 佛莱德·威拉特 / 西格妮·韦弗 / MacInTalk / 约翰·拉岑贝格 / 凯茜·纳基麦 / 泰迪·牛顿 / 鲍伯·伯根 / 洛丽·理查德森 / 吉姆·瓦德 / 彼特·道格特 / 安德鲁·斯坦顿 / 杰夫·皮金 / 约翰·齐甘 / 米凯·麦高万 / 雪莉·琳恩 / 克莱特·惠特克 / 唐纳德·富利洛夫 / 罗里·艾伦 / 杰斯·哈梅尔 / 拉瑞恩·纽曼 / 扬·拉布森 / 保罗·伊丁,豆瓣链接：https://movie.douban.com/subject/2131459/,IMDb链接： http://www.pixar.com/feature-films/walle https://www.imdb.com/title/tt0910970
No.15,放牛班的春天 Les choristes,9.3,参评人数： 925379,类型： 剧情 音乐,制片国家:  法国 / 瑞士 / 德国,语言:  法语,上映日期： 2004-10-16(中国大陆) 2004-03-17(法国),片长： 97分钟,又名:  歌声伴我心(港) / 唱诗班男孩 / The Chorus,导演: 克里斯托夫·巴拉蒂,编剧: 乔治·沙普罗 勒·惠勒 诺埃-诺尔 克里斯托夫·巴拉蒂 菲利普·洛佩斯-屈瓦尔,主演: 热拉尔·朱尼奥 / 弗朗索瓦·贝莱昂 / 凯德·麦拉德 / 让-保罗·博奈雷 / 玛丽·布奈尔 / 让-巴蒂斯特·莫尼耶 / 马科森斯·珀林 / 格雷戈里·加迪诺尔 / 托马斯·布伦门塔尔 / 西里尔·伯尔尼科特 / 西蒙·法戈特 / 泰奥杜尔·卡雷-卡赛尼 / 菲利普·杜·詹纳兰德 / 埃里克·德斯玛莱茨 / 狄迪尔·弗拉蒙 / 雅克·贝汉,豆瓣链接：https://movie.douban.com/subject/1291549/,IMDb链接： https://www.imdb.com/title/tt0372824
No.16,星际穿越 Interstellar,9.3,参评人数： 1068987,类型： 剧情 科幻 冒险,制片国家:  美国 / 英国 / 加拿大 / 冰岛,语言:  英语,上映日期： 2014-11-12(中国大陆) 2014-11-07(美国),片长： 169分钟,又名:  星际启示录(港) / 星际效应(台) / 星际空间 / 星际之间 / 星际远航 / 星际 / Flora's Letter,导演: 克里斯托弗·诺兰,编剧: 乔纳森·诺兰 克里斯托弗·诺兰,主演: 马修·麦康纳 / 安妮·海瑟薇 / 杰西卡·查斯坦 / 卡西·阿弗莱克 / 迈克尔·凯恩 / 马特·达蒙 / 麦肯吉·弗依 / 蒂莫西·柴勒梅德 / 艾伦·伯斯汀 / 约翰·利思戈 / 韦斯·本特利 / 大卫·吉亚西 / 比尔·欧文 / 托弗·戈瑞斯 / 科莱特·沃夫 / 弗朗西斯·X·麦卡蒂 / 安德鲁·博尔巴 / 乔什·斯图沃特 / 莱雅·卡里恩斯 / 利亚姆·迪金森 / 杰夫·赫普内尔 / 伊莱耶斯·加贝尔 / 布鲁克·史密斯 / 大卫·奥伊罗 / 威廉姆·德瓦内 / 拉什·费加 / 格里芬·弗雷泽 / 弗洛拉·诺兰,豆瓣链接：https://movie.douban.com/subject/1889243/,IMDb链接： https://www.imdb.com/title/tt0816692 https://movie.douban.com/events/interstellar
No.17,大话西游之大圣娶亲 西遊記大結局之仙履奇緣,9.2,参评人数： 1047556,类型： 喜剧 爱情 奇幻 古装,制片国家:  中国香港 / 中国大陆,语言:  粤语 / 汉语普通话,上映日期： 1995-02-04(中国香港) 2014-10-24(中国大陆) 2017-04-13(中国大陆重映),片长： 95分钟,又名:  西游记完结篇仙履奇缘 / 齐天大圣西游记 / 大话东游之二 / A Chinese Odyssey Part Two - Cinderella,导演: 刘镇伟,编剧: 刘镇伟,主演: 周星驰 / 吴孟达 / 朱茵 / 蔡少芬 / 蓝洁瑛 / 莫文蔚 / 罗家英 / 刘镇伟 / 陆树铭 / 李健仁,豆瓣链接：https://movie.douban.com/subject/1292213/,IMDb链接： https://www.imdb.com/title/tt0114996
No.18,熔炉 도가니,9.3,参评人数： 644379,类型： 剧情,制片国家:  韩国,语言:  韩语,上映日期： 2011-09-22(韩国),片长： 125分钟,又名:  无声呐喊(港) / 漩涡 / Silenced / The Crucible,导演: 黄东赫,编剧: 黄东赫 孔枝泳,主演: 孔侑 / 郑有美 / 金贤秀 / 郑仁絮 / 白承焕 / 张光 / 金民尚 / 林贤成 / 金周灵 / 严孝燮 / 全国焕 / 崔镇浩 / 金志映 / 严智星 / 许在浩 / 张素妍,豆瓣链接：https://movie.douban.com/subject/5912992/,IMDb链接： https://www.imdb.com/title/tt2070649
No.19,疯狂动物城 Zootopia,9.2,参评人数： 1247005,类型： 喜剧 动画 冒险,制片国家:  美国,语言:  英语 / 挪威语,上映日期： 2016-03-04(中国大陆/美国),片长： 109分钟(中国大陆),又名:  优兽大都会(港) / 动物方城市(台) / 动物乌托邦 / 动物大都会 / Zootropolis,导演: 拜伦·霍华德 瑞奇·摩尔 杰拉德·布什,编剧: 拜伦·霍华德 瑞奇·摩尔 杰拉德·布什 吉姆·里尔顿 乔西·特立尼达 菲尔·约翰斯顿 珍妮弗·李,主演: 金妮弗·古德温 / 杰森·贝特曼 / 伊德里斯·艾尔巴 / 珍妮·斯蕾特 / 内特·托伦斯 / 邦尼·亨特 / 唐·雷克 / 汤米·钟 / J·K·西蒙斯 / 奥克塔维亚·斯宾瑟 / 艾伦·图代克 / 夏奇拉 / 雷蒙德·S·佩尔西 / 德拉·萨巴 / 莫里斯·拉马奇 / 菲尔·约翰斯顿 / 约翰·迪·马吉欧 / 凯蒂·洛斯 / 吉塔·雷迪 / 杰西·科尔蒂 / 汤米·利斯特 / 乔希·达拉斯 / 瑞奇·摩尔 / 凯斯·索西 / 彼得·曼斯布里奇 / 拜伦·霍华德 / 杰拉德·布什 / 马克·史密斯 / 乔西·特立尼达 / 约翰·拉维尔 / 克里斯汀·贝尔 / 吉尔·科德斯 / 梅利莎·古德温,豆瓣链接：https://movie.douban.com/subject/25662329/,IMDb链接： https://www.imdb.com/title/tt2948356
No.20,无间道 無間道,9.2,参评人数： 853002,类型： 剧情 悬疑 犯罪,制片国家:  中国香港,语言:  粤语,上映日期： 2002-12-12(中国香港) 2003-09-05(中国大陆),片长： 101分钟,又名:  Infernal Affairs / Mou gaan dou,导演: 刘伟强 麦兆辉,编剧: 麦兆辉 庄文强,主演: 刘德华 / 梁朝伟 / 黄秋生 / 曾志伟 / 郑秀文 / 陈慧琳 / 陈冠希 / 余文乐 / 杜汶泽 / 林家栋 / 萧亚轩,豆瓣链接：https://movie.douban.com/subject/1307914/,IMDb链接： https://www.imdb.com/title/tt0338564
No.21,龙猫 となりのトトロ,9.2,参评人数： 890738,类型： 动画 奇幻 冒险,制片国家:  日本,语言:  日语,上映日期： 2018-12-14(中国大陆) 1988-04-16(日本),片长： 86分钟,又名:  邻居托托罗 / 邻家的豆豆龙 / 隔壁的特特罗 / Tonari no Totoro / My Neighbor Totoro,导演: 宫崎骏,编剧: 宫崎骏,主演: 日高法子 / 坂本千夏 / 糸井重里 / 岛本须美 / 北林谷荣 / 高木均 / 雨笠利幸 / 丸山裕子 / 广濑正志 / 鹫尾真知子 / 铃木玲子 / 千叶繁 / 龙田直树 / 鳕子 / 西村朋纮 / 石田光子 / 神代知衣 / 中村大树 / 水谷优子 / 平松晶子 / 大谷育江,豆瓣链接：https://movie.douban.com/subject/1291560/,IMDb链接： https://www.imdb.com/title/tt0096283
No.22,教父 The Godfather,9.3,参评人数： 650867,类型： 剧情 犯罪,制片国家:  美国,语言:  英语 / 意大利语 / 拉丁语,上映日期： 1972-03-15(纽约首映) 1972-03-24(美国),片长： 175 分钟,又名:  Mario Puzo's The Godfather,导演: 弗朗西斯·福特·科波拉,编剧: 马里奥·普佐 弗朗西斯·福特·科波拉,主演: 马龙·白兰度 / 阿尔·帕西诺 / 詹姆斯·肯恩 / 理查德·卡斯特尔诺 / 罗伯特·杜瓦尔 / 斯特林·海登 / 约翰·马利 / 理查德·康特 / 艾尔·勒提埃里 / 黛安·基顿 / 阿贝·维高达 / 塔莉娅·夏尔 / 吉亚尼·罗素 / 约翰·凯泽尔 / 鲁迪·邦德 / 兰尼·蒙大拿,豆瓣链接：https://movie.douban.com/subject/1291841/,IMDb链接： https://www.imdb.com/title/tt0068646
No.23,当幸福来敲门 The Pursuit of Happyness,9.1,参评人数： 1063487,类型： 剧情 家庭 传记,制片国家:  美国,语言:  英语 / 粤语,上映日期： 2008-01-17(中国大陆) 2006-12-15(美国),片长： 117分钟,又名:  寻找快乐的故事(港) / 追求快乐 / 幸福追击 / The Pursuit of Happiness,导演: 加布里埃莱·穆奇诺,编剧: 斯蒂夫·康拉德,主演: 威尔·史密斯 / 贾登·史密斯 / 坦迪·牛顿 / 布莱恩·豪威  / 詹姆斯·凯伦 / 丹·卡斯泰兰尼塔 / 柯特·富勒 / 塔卡尤·费舍尔 / 凯文·韦斯特 / 乔治·张 / 戴维·迈克尔·西尔弗曼 / 多米尼克·博夫 / 杰弗·卡伦 / 乔伊芙·拉文 / 斯科特·克拉斯,豆瓣链接：https://movie.douban.com/subject/1849031/,IMDb链接： https://www.imdb.com/title/tt0454921
No.24,怦然心动 Flipped,9.1,参评人数： 1233787,类型： 剧情 喜剧 爱情,制片国家:  美国,语言:  英语,上映日期： 2010-07-26(好莱坞首映) 2010-09-10(美国),片长： 90分钟,又名:  萌动青春 / 青春萌动 / 冒失 / 梧桐树之恋,导演: 罗伯·莱纳,编剧: 罗伯·莱纳 安德鲁·沙因曼 文德琳·范·德拉安南,主演: 玛德琳·卡罗尔 / 卡兰·麦克奥利菲 / 瑞贝卡·德·莫妮 / 安东尼·爱德华兹 / 约翰·马奥尼 / 佩内洛普·安·米勒 / 艾丹·奎因 / 凯文·韦斯曼 / 摩根·莉莉 / 瑞安·克茨纳 / 吉莉安·普法夫 / 迈克尔·博萨 / 博·勒纳 / 杰奎琳·埃沃拉 / 泰勒·格鲁秀斯 / 艾莉·布莱恩特 / 阿什莉·泰勒 / 伊瑟尔·布罗萨德 / 科迪·霍恩 / 迈克尔·博尔顿 / 肖恩·哈珀 / 斯戴芬妮·斯考特 / 帕特丽夏·伦茨 / 马修·戈尔德 / 阿罗拉·凯瑟琳·史密斯 / 凯莉·唐纳利 / 索菲亚·撒高 / 米歇尔·梅斯默 / Scott Joel Gizicki / Rod Myers / Kara Pacitto / Katelyn Pacitto,豆瓣链接：https://movie.douban.com/subject/3319755/,IMDb链接： https://www.imdb.com/title/tt0817177
No.25,触不可及 Intouchables,9.2,参评人数： 695061,类型： 剧情 喜剧,制片国家:  法国,语言:  法语,上映日期： 2011-11-02(法国),片长： 112分钟,又名:  闪亮人生(港) / 逆转人生(台) / 无法触碰 / 最佳拍档 / 不可触碰 / 不可触摸 / Untouchable / The Intouchables,导演: 奥利维埃·纳卡什 埃里克·托莱达诺,编剧: 奥利维埃·纳卡什 埃里克·托莱达诺,主演: 弗朗索瓦·克鲁塞 / 奥玛·希 / 安娜·勒尼 / 奥德雷·弗勒罗 / 托马·索利韦尔,豆瓣链接：https://movie.douban.com/subject/6786002/,IMDb链接： https://www.imdb.com/title/tt1675434
No.26,蝙蝠侠：黑暗骑士 The Dark Knight,9.2,参评人数： 716148,类型： 剧情 动作 科幻 惊悚 犯罪,制片国家:  美国 / 英国,语言:  英语 / 汉语普通话,上映日期： 2008-07-14(纽约首映) 2008-07-18(美国),片长： 152分钟,又名:  蝙蝠侠前传2：黑暗骑士 / 黑暗骑士(台) / 蝙蝠侠-黑夜之神(港) / 蝙蝠侠6：暗夜骑士 / Batman: The Dark Knight / TDK,导演: 克里斯托弗·诺兰,编剧: 乔纳森·诺兰 克里斯托弗·诺兰 大卫·S·高耶,主演: 克里斯蒂安·贝尔 / 希斯·莱杰 / 艾伦·艾克哈特 / 迈克尔·凯恩 / 玛吉·吉伦哈尔 / 加里·奥德曼 / 摩根·弗里曼 / 莫尼克·加布里埃拉·库尔内 / 罗恩·迪恩 / 基里安·墨菲 / 黄经汉 / 内斯特·卡博内尔 / 埃里克·罗伯茨 / 里特奇·科斯特 / 安东尼·迈克尔·豪尔 / 基斯·斯扎拉巴基克 / 柯林·麦克法兰 / 约书亚·哈尔托 / 美琳达·麦格劳 / 内森·甘宝 / 迈克尔·维约 / 迈克尔·斯托扬诺夫 / 威廉·斯米利 / 丹尼·高德林 / 迈克尔·加·怀特 / 马修·奥尼尔 / 威廉·菲克纳 / 欧鲁米基·欧拉乌米 / 格雷格·比姆 / 爱利克·赫尔曼 / 毕崔斯·罗森 / 文森佐·尼克力 / 陈冠希,豆瓣链接：https://movie.douban.com/subject/1851857/,IMDb链接： http://thedarkknight.warnerbros.com https://www.imdb.com/title/tt0468569
No.27,控方证人 Witness for the Prosecution,9.6,参评人数： 272780,类型： 剧情 悬疑 犯罪,制片国家:  美国,语言:  英语 / 德语,上映日期： 1957-12-17(美国),片长： 116分钟,又名:  雄才伟略 / 情妇,导演: 比利·怀德,编剧: 阿加莎·克里斯蒂 比利·怀德 哈里·库尼兹,主演: 泰隆·鲍华 / 玛琳·黛德丽 / 查尔斯·劳顿 / 爱尔莎·兰切斯特 / 约翰·威廉姆斯 / 亨利·丹尼尔 / 伊安·沃尔夫 / 托林·撒切尔 / 诺玛·威登 / 尤娜·奥康纳 / 茹塔·李,豆瓣链接：https://movie.douban.com/subject/1296141/,IMDb链接： https://www.imdb.com/title/tt0051201
No.28,活着,9.2,参评人数： 554596,类型： 剧情 家庭 历史,制片国家:  中国大陆 / 中国香港,语言:  汉语普通话,上映日期： 1994-06-30(中国香港) 1994-05-17(戛纳电影节),片长： 132分钟,又名:  人生 / Lifetimes / To Live,导演: 张艺谋,编剧: 芦苇 余华,主演: 葛优 / 巩俐 / 姜武 / 牛犇 / 郭涛 / 张璐 / 倪大红 / 肖聪 / 董飞 / 刘天池 / 董立范 / 黄宗洛 / 刘燕瑾 / 李连义 / 杨同顺,豆瓣链接：https://movie.douban.com/subject/1292365/,IMDb链接： https://www.imdb.com/title/tt0110081
No.29,乱世佳人 Gone with the Wind,9.3,参评人数： 475812,类型： 剧情 爱情 历史 战争,制片国家:  美国,语言:  英语,上映日期： 1939-12-15(亚特兰大首映) 1940-01-17(美国),片长： 238分钟,又名:  飘,导演: 维克多·弗莱明 乔治·库克 山姆·伍德,编剧: 玛格丽特·米歇尔 西德尼·霍华德 奥利弗·H·P·加勒特 本·赫克特 乔·斯沃林 约翰·范·德鲁登,主演: 费雯·丽 / 克拉克·盖博 / 奥利维娅·德哈维兰 / 托马斯·米切尔 / 芭芭拉·欧内尔 / 伊夫林·凯耶斯 / 安·卢瑟福德 / 乔治·里弗斯 / 弗莱德·克莱恩 / 海蒂·麦克丹尼尔斯 / 奥斯卡·波尔克 / 巴特弗莱·麦昆 / 维克托·乔里 / 埃弗雷特·布朗 / 霍华德·C·希克曼 / 艾丽西亚·瑞特 / 莱斯利·霍华德 / 兰德·布鲁克斯 / 卡洛尔·奈 / 劳拉·霍普·克鲁斯 / 埃迪·安德森 / 哈里·达文波特 / 利昂娜·罗伯特 / 简·达威尔 / 欧娜·满森 / 保罗·赫斯特 / 伊莎贝尔·朱尔 / 卡米·金·肯伦 / 艾瑞克·林登 / J·M·克里根 / 沃德·邦德 / 莉莲·肯布尔-库珀,豆瓣链接：https://movie.douban.com/subject/1300267/,IMDb链接： https://www.imdb.com/title/tt0031381
No.30,寻梦环游记 Coco,9.1,参评人数： 1039128,类型： 喜剧 动画 音乐 奇幻,制片国家:  美国,语言:  英语 / 西班牙语,上映日期： 2017-11-24(中国大陆) 2017-10-20(莫雷利亚电影节) 2017-11-22(美国),片长： 105分钟,又名:  可可夜总会(台) / 玩转极乐园(港) / 亡灵总动员(豆友译名) / 冥冥之中(豆友译名) / 墨西哥亡灵节 / 可可,导演: 李·昂克里奇 阿德里安·莫利纳,编剧: 阿德里安·莫利纳 马修·奥尔德里奇 李·昂克里奇 詹森·卡茨,主演: 安东尼·冈萨雷斯 / 盖尔·加西亚·贝纳尔 / 本杰明·布拉特 / 阿兰娜·乌巴赫 / 芮妮·维克托 / 杰米·卡米尔 / 阿方索·阿雷奥 / 赫伯特·西古恩萨 / 加布里埃尔·伊格莱西亚斯 / 隆巴多·博伊尔 / 安娜·奥菲丽亚·莫吉亚 / 娜塔丽·科尔多瓦 / 赛琳娜·露娜 / 爱德华·詹姆斯·奥莫斯 / 索菲亚·伊斯皮诺萨 / 卡拉·梅迪纳 / 黛娅娜·欧特里 / 路易斯·瓦尔德斯 / 布兰卡·阿拉切利 / 萨尔瓦多·雷耶斯 / 切奇·马林 / 奥克塔维·索利斯 / 约翰·拉岑贝格,豆瓣链接：https://movie.douban.com/subject/20495023/,IMDb链接： https://www.imdb.com/title/tt2380307
No.31,末代皇帝 The Last Emperor,9.2,参评人数： 495455,类型： 剧情 传记 历史,制片国家:  英国 / 意大利 / 中国大陆 / 法国,语言:  英语 / 汉语普通话 / 日语,上映日期： 1987-10-04(东京国际电影节) 1987-10-23(意大利),片长： 163分钟,又名:  末代皇帝溥仪(港),导演: 贝纳尔多·贝托鲁奇,编剧: 贝纳尔多·贝托鲁奇 马克·派普罗,主演: 尊龙 / 陈冲 / 邬君梅 / 彼得·奥图尔 / 英若诚 / 吴涛 / 黄自强 / 丹尼斯·邓恩 / 坂本龙一 / 马吉·汉 / 里克·扬 / 田川洋行 / 苟杰德 / 理查德·吴 / 皱缇格 / 陈凯歌 / 卢燕 / 区亨利 / 陈述 / 鲍皓昕 / 黄文捷 / 邵茹贞 / 亨利·基 / 张良斌 / 梁冬 / 康斯坦丁·格雷戈里 / 黄汉琪 / 王涛 / 宋怀桂 / 蔡鸿翔 / 程淑艳 / 张天民,豆瓣链接：https://movie.douban.com/subject/1293172/,IMDb链接： https://www.imdb.com/title/tt0093389
No.32,摔跤吧！爸爸 Dangal,9.0,参评人数： 1084999,类型： 剧情 家庭 传记 运动,制片国家:  印度,语言:  印地语,上映日期： 2017-05-05(中国大陆) 2016-12-23(印度),片长： 161分钟(印度),又名:  我和我的冠军女儿(台) / 打死不离3父女(港) / 摔跤吧！老爸 / 摔跤家族 / दंगल / Wrestling Competition,导演: 涅提·蒂瓦里,编剧: 比于什·古普塔 施热亚·简 尼基尔·麦罗特拉 涅提·蒂瓦里,主演: 阿米尔·汗 / 法缇玛·萨那·纱卡 / 桑亚·玛荷塔 / 阿帕尔夏克提·库拉那 / 沙克希·坦沃 / 塞伊拉·沃西 / 苏哈妮·巴特纳格尔 / 里特维克·萨霍里 / 吉里什·库卡尼,豆瓣链接：https://movie.douban.com/subject/26387939/,IMDb链接： https://www.imdb.com/title/tt5074352
No.33,指环王3：王者无敌 The Lord of the Rings: The Return of the King,9.2,参评人数： 525810,类型： 剧情 动作 奇幻 冒险,制片国家:  美国 / 新西兰,语言:  英语 / 昆雅语 / 古英语 / 辛达林语,上映日期： 2004-03-12(中国大陆) 2003-12-17(美国),片长： 201分钟,又名:  魔戒三部曲：王者再临(台/港) / 指环王III：王者无敌 / 魔戒3：王者归来 / 指环王3：国王归来 / 指环王3：皇上回宫(豆友译名),导演: 彼得·杰克逊,编剧: 弗兰·威尔士 菲利帕·鲍恩斯 彼得·杰克逊 J·R·R·托尔金,主演: 维果·莫腾森 / 伊利亚·伍德 / 西恩·奥斯汀 / 丽芙·泰勒 / 伊恩·麦克莱恩 / 奥兰多·布鲁姆 / 凯特·布兰切特 / 米兰达·奥图 / 安迪·瑟金斯 / 雨果·维文 / 多米尼克·莫纳汉 / 比利·博伊德 / 马尔顿·索克斯 / 卡尔·厄本 / 克里斯托弗·李 / 约翰·瑞斯-戴维斯,豆瓣链接：https://movie.douban.com/subject/1291552/,IMDb链接： http://www.lordoftherings.net/ https://www.imdb.com/title/tt0167260
No.34,少年派的奇幻漂流 Life of Pi,9.1,参评人数： 1007097,类型： 剧情 奇幻 冒险,制片国家:  美国 / 中国台湾 / 英国 / 加拿大,语言:  英语 / 泰米尔语 / 法语 / 日语 / 印地语 / 汉语普通话,上映日期： 2012-11-22(中国大陆) 2012-09-28(纽约电影节) 2012-11-21(美国),片长： 127分钟,又名:  少年Pi的奇幻漂流 / 漂流少年Pi,导演: 李安,编剧: 扬·马特尔 大卫·麦基,主演: 苏拉·沙玛 / 伊尔凡·可汗 / 拉菲·斯波 / 阿迪勒·侯赛因 / 塔布 / 阿尤什·坦东 / 加塔姆·贝鲁尔 / 阿彦·汗 / 穆德·阿巴斯·卡勒里 / 维比什·希瓦库玛 / 热拉尔·德帕迪约 / 詹姆斯·塞托 / 俊·奈托 / 安德里亚·迪·斯戴法诺 / 沙拉万提·塞纳特 / 王柏杰 / 柯一正 / 黄健玮,豆瓣链接：https://movie.douban.com/subject/1929463/,IMDb链接： http://www.lifeofpimovie.com https://www.imdb.com/title/tt0454876 https://site.douban.com/foxmovies/
No.35,何以为家 كفرناحوم,9.1,参评人数： 625659,类型： 剧情,制片国家:  黎巴嫩 / 法国 / 美国,语言:  阿拉伯语 / 阿姆哈拉语,上映日期： 2019-04-29(中国大陆) 2018-05-17(戛纳电影节) 2018-09-20(黎巴嫩),片长： 126分钟,又名:  迦百农 / 星仔打官司(港) / 我想有个家(台) / Cafarnaúm / Capernaum / Capharnaüm,导演: 娜丁·拉巴基,编剧: 娜丁·拉巴基 吉哈德·霍加里 米歇尔·凯斯沃尼 乔治斯·哈巴兹 哈立德·穆扎纳,主演: 赞恩·阿尔·拉菲亚 / 约丹诺斯·希费罗 / 博鲁瓦蒂夫·特雷杰·班科尔 / 卡萨尔·艾尔·哈达德 / 法迪·尤瑟夫 / 海塔·塞德拉·伊扎姆 / 阿拉·乔什涅 / 娜丁·拉巴基 / 埃利亚斯·库利 / 努尔·艾尔·侯赛尼,豆瓣链接：https://movie.douban.com/subject/30170448/,IMDb链接： https://www.imdb.com/title/tt8267604
No.36,飞屋环游记 Up,9.0,参评人数： 936669,类型： 剧情 喜剧 动画 冒险,制片国家:  美国,语言:  英语,上映日期： 2009-08-04(中国大陆) 2009-05-13(戛纳电影节) 2009-05-29(美国),片长： 96分钟,又名:  冲天救兵(港) / 天外奇迹(台) / 飞屋历险记,导演: 彼特·道格特 鲍勃·彼德森,编剧: 彼特·道格特 鲍勃·彼德森 汤姆·麦卡锡,主演: 爱德华·阿斯纳 / 克里斯托弗·普卢默 / 乔丹·长井 / 鲍勃·彼德森 / 德尔罗伊·林多 / 杰罗姆·兰福特 / 约翰·拉岑贝格 / 大卫·卡耶 / 艾丽·道克特 / 杰里米·利里 / 米凯·麦高万 / 丹尼·曼恩 / 唐纳德·富利洛夫 / 杰斯·哈梅尔 / 乔什·库雷 / 彼特·道格特,豆瓣链接：https://movie.douban.com/subject/2129039/,IMDb链接： https://www.imdb.com/title/tt1049413
No.37,十二怒汉 12 Angry Men,9.4,参评人数： 316119,类型： 剧情,制片国家:  美国,语言:  英语,上映日期： 1957-04-13(美国),片长： 96 分钟,又名:  12怒汉,导演: 西德尼·吕美特,编剧: 雷金纳德·罗斯,主演: 亨利·方达 / 马丁·鲍尔萨姆 / 约翰·菲德勒 / 李·科布 / E.G.马绍尔 / 杰克·克卢格曼  / 爱德华·宾斯 / 杰克·瓦尔登 / 约瑟夫·史威尼 / 埃德·贝格利 / 乔治·沃斯科维奇 / 罗伯特·韦伯,豆瓣链接：https://movie.douban.com/subject/1293182/,IMDb链接： https://www.imdb.com/title/tt0050083
No.38,鬼子来了,9.2,参评人数： 432264,类型： 剧情 历史 战争,制片国家:  中国大陆,语言:  汉语普通话 / 日语 / 唐山话,上映日期： 2000-05-12(戛纳电影节) 2002-04-27(日本),片长： 139分钟,又名:  Devils on the Doorstep,导演: 姜文,编剧: 姜文 史建全 述平 尤凤伟,主演: 姜文 / 香川照之 / 袁丁 / 姜宏波 / 丛志军 / 李从喜 / 泽田谦也 / 李海滨 / 蔡卫东 / 陈述 / 陈莲梅 / 史建全 / 陈强 / 宫路佳具 / 吴大维 / 梶冈润一 / 石山雄大 / 述平 / 姜武,豆瓣链接：https://movie.douban.com/subject/1291858/,IMDb链接： https://www.imdb.com/title/tt0245929
No.39,天空之城 天空の城ラピュタ,9.1,参评人数： 594352,类型： 动画 奇幻 冒险,制片国家:  日本,语言:  日语,上映日期： 1992-05-01(中国大陆) 1986-08-02(日本),片长： 125分钟,又名:  Tenkû no shiro Rapyuta / Laputa: Castle in the Sky,导演: 宫崎骏,编剧: 宫崎骏,主演: 田中真弓 / 横泽启子 / 初井言荣 / 寺田农 / 常田富士男 / 永井一郎 / 糸博 / 鹫尾真知子 / 神山卓三 / 安原义人 / 槐柳二 / 鳕子,豆瓣链接：https://movie.douban.com/subject/1291583/,IMDb链接： https://www.imdb.com/title/tt0092067
No.40,大话西游之月光宝盒 西遊記第壹佰零壹回之月光寶盒,9.0,参评人数： 840907,类型： 喜剧 爱情 奇幻 古装,制片国家:  中国香港 / 中国大陆,语言:  粤语 / 汉语普通话,上映日期： 1995-01-21(中国香港) 2014-10-24(中国大陆),片长： 87分钟,又名:  西游记101回月光宝盒 / 齐天大圣东游记 / 大话东游之一 / A Chinese Odyssey Part One - Pandora's Box,导演: 刘镇伟,编剧: 刘镇伟 吴承恩,主演: 周星驰 / 吴孟达 / 罗家英 / 蓝洁瑛 / 莫文蔚 / 江约诚 / 陆树铭 / 刘镇伟 / 朱茵 / 李健仁,豆瓣链接：https://movie.douban.com/subject/1299398/,IMDb链接： https://www.imdb.com/title/tt0112778
No.41,哈尔的移动城堡 ハウルの動く城,9.1,参评人数： 681359,类型： 动画 奇幻 冒险,制片国家:  日本,语言:  日语,上映日期： 2004-09-05(威尼斯电影节) 2004-11-20(日本),片长： 119分钟,又名:  哈尔移动城堡(港) / 呼啸山城 / 霍尔的移动城堡 / 豪尔的机动城堡 / Howl's Moving Castle / Hauru no ugoku shiro,导演: 宫崎骏,编剧: 宫崎骏 吉田玲子,主演: 倍赏千惠子 / 木村拓哉 / 美轮明宏 / 我修院达也 / 神木隆之介 / 伊崎充则 / 大泉洋 / 大塚明夫 / 原田大二郎 / 加藤治子 / 都筑香弥子,豆瓣链接：https://movie.douban.com/subject/1308807/,IMDb链接： https://www.imdb.com/title/tt0347149
No.42,素媛 소원,9.2,参评人数： 428904,类型： 剧情,制片国家:  韩国,语言:  韩语,上映日期： 2013-10-02(韩国),片长： 122分钟,又名:  许愿 / 希望：为爱重生(台) / So-won / Hope,导演: 李濬益,编剧: 金智慧 赵重勋 金成旭,主演: 薛景求 / 严志媛 / 李来 / 金海淑 / 金相浩 / 罗美兰 / 杨真诚 / 权泰元,豆瓣链接：https://movie.douban.com/subject/21937452/,IMDb链接： http://www.wish-movie.kr https://www.imdb.com/title/tt3153634
No.43,天堂电影院 Nuovo Cinema Paradiso,9.2,参评人数： 468923,类型： 剧情 爱情,制片国家:  意大利 / 法国,语言:  意大利语,上映日期： 1988-11-17(意大利),片长： 155分钟,又名:  星光伴我心(港) / 新天堂乐园(台) / Cinema Paradiso,导演: 朱塞佩·托纳多雷,编剧: 朱塞佩·托纳多雷 瓦娜·波利 理查德·埃帕卡,主演: 安东内拉·阿蒂利 / 恩佐·卡拉瓦勒 / 艾萨·丹尼埃利 / 里奥·故罗塔 / 马克·莱昂纳蒂 / 普佩拉·玛奇奥 / 阿格妮丝·那诺 / 莱奥波多·特里耶斯泰 / 萨瓦特利·卡西欧 / 尼古拉·迪·平托 / 罗伯塔·蕾娜 / 尼诺·戴罗佐 / 雅克·贝汉 / 菲利普·努瓦雷 / 玛丽娜·朱迪切 / 比阿特丽斯·帕姆 / 罗斯科·阿巴克尔 / 茹涅·阿斯托尔 / 伊格纳齐奥·巴尔萨莫 / 碧姬·芭铎 / 约翰·巴里摩尔 / 伊萨·巴尔齐扎 / 英格丽·褒曼 / 维尔玛·班基 / 克拉拉·卡拉马伊 / 查理·卓别林 / 加里·库珀 / 奥利维娅·德哈维兰 / 维托里奥·德西卡 / 柯克·道格拉斯 / 埃罗尔·弗林 / 布丽吉特·佛西 / 让·迦本 / 克拉克·盖博 / 葛丽泰·嘉宝 / 维托里奥·加斯曼 / 马西莫·吉洛蒂 / 法利·格兰杰 / 加里·格兰特 / 乔治亚·黑尔 / 劳伦斯·哈维 / 海伦·海丝 / 路易·茹韦 / 安娜·马尼亚尼 / 西尔瓦娜·曼加诺 / 马塞洛·马斯楚安尼 / 阿梅德奥·纳扎里 / 苏济·普里姆 / 唐娜·里德 / 简·拉塞尔 / 罗莎琳德·拉塞尔 / 伊冯娜·桑松 / 玛丽亚·雪儿 / 瑙玛·希拉 / 西蒙·西涅莱 / 阿尔贝托·索尔迪 / 詹姆斯·斯图尔特 / 朱塞佩·托纳多雷 / 托托 / 斯宾塞·屈塞 / 克莱尔·特雷弗 / 鲁道夫·瓦伦蒂诺 / 阿莉达·瓦利 / 约翰·韦恩,豆瓣链接：https://movie.douban.com/subject/1291828/,IMDb链接： https://www.imdb.com/title/tt0095765
No.44,罗马假日 Roman Holiday,9.0,参评人数： 686448,类型： 剧情 喜剧 爱情,制片国家:  美国,语言:  英语 / 意大利语 / 德语,上映日期： 1953-08-20(威尼斯电影节) 1953-09-02(美国),片长： 118分钟,又名:  金枝玉叶(港) / 罗马假期(台),导演: 威廉·惠勒,编剧: 伊安·麦克莱伦·亨特 约翰·戴顿 达尔顿·特朗勃,主演: 奥黛丽·赫本 / 格利高里·派克 / 埃迪·艾伯特 / 哈特利·鲍尔 / 哈考特·威廉姆斯 / 玛格丽特·罗林斯 / 托里奥·卡米纳提 / Paolo Carlini / Claudio Ermelli / 保拉·布鲁布尼 / 里佐·弗雷多里佐,豆瓣链接：https://movie.douban.com/subject/1293839/,IMDb链接： https://www.imdb.com/title/tt0046250
No.45,闻香识女人 Scent of a Woman,9.1,参评人数： 595805,类型： 剧情,制片国家:  美国,语言:  英语,上映日期： 1992-12-23(美国),片长： 157 分钟,又名:  女人香 / 女人的芳香,导演: 马丁·布莱斯特,编剧: 博·古德曼 乔瓦尼·阿尔皮诺,主演: 阿尔·帕西诺 / 克里斯·奥唐纳 / 詹姆斯·瑞布霍恩 / 加布里埃尔·安瓦尔 / 菲利普·塞默·霍夫曼 / 理查德·文彻 / 布莱德利·惠特福德 / 罗谢尔·奥利弗 / Margaret Eginton / Tom Riis Farrell / Nicholas Sadler / 托德·路易斯 / 马特·史密斯 / 吉恩·坎菲尔德 / 弗兰西丝·康罗伊,豆瓣链接：https://movie.douban.com/subject/1298624/,IMDb链接： https://www.imdb.com/title/tt0105323
No.46,辩护人 변호인,9.2,参评人数： 425193,类型： 剧情,制片国家:  韩国,语言:  韩语,上映日期： 2013-12-18(韩国),片长： 127分钟,又名:  逆权大状(港) / 正义辩护人(台) / The Attorney,导演: 杨宇硕,编剧: 杨宇硕 尹贤浩,主演: 宋康昊 / 金英爱 / 吴达洙 / 郭度沅 / 任时完 / 宋永彰 / 郑元中 / 赵敏基 / 李杭娜 / 李星民 / 车光洙 / 韩基重 / 沈熙燮 / 赵莞基 / 李静恩,豆瓣链接：https://movie.douban.com/subject/21937445/,IMDb链接： http://www.lawyersong.kr https://www.imdb.com/title/tt3404140
No.47,搏击俱乐部 Fight Club,9.0,参评人数： 620780,类型： 剧情 动作 悬疑 惊悚,制片国家:  美国 / 德国,语言:  英语,上映日期： 1999-09-10(威尼斯电影节) 1999-10-15(美国),片长： 139 分钟,又名:  搏击会(港) / 斗阵俱乐部(台) / 格斗俱乐部,导演: 大卫·芬奇,编剧: 恰克·帕拉尼克 吉姆·乌尔斯,主演: 爱德华·诺顿 / 布拉德·皮特 / 海伦娜·伯翰·卡特 / 扎克·格雷尼尔 / 米特·洛夫 / 杰瑞德·莱托 / 艾恩·贝利 / 里奇蒙德·阿奎特  / 乔治·马奎尔,豆瓣链接：https://movie.douban.com/subject/1292000/,IMDb链接： https://www.imdb.com/title/tt0137523
No.48,哈利·波特与魔法石 Harry Potter and the Sorcerer's Stone,9.0,参评人数： 638657,类型： 奇幻 冒险,制片国家:  美国 / 英国,语言:  英语,上映日期： 2002-01-26(中国大陆) 2020(中国大陆重映) 2001-11-04(英国首映) 2001-11-16(美国),片长： 152分钟,又名:  哈利波特1：神秘的魔法石(港/台) / 哈1 / Harry Potter and the Philosopher's Stone,导演: 克里斯·哥伦布,编剧: 史蒂夫·克洛夫斯 J·K·罗琳,主演: 丹尼尔·雷德克里夫 / 艾玛·沃森 / 鲁伯特·格林特 / 艾伦·瑞克曼 / 玛吉·史密斯 / 汤姆·费尔顿 / 伊恩·哈特 / 理查德·哈里斯 / 约翰·赫特 / 罗彼·考特拉尼 / 朱丽·沃特斯 / 邦妮·怀特 / 约翰·克立斯 / 肖恩·比格斯代夫,豆瓣链接：https://movie.douban.com/subject/1295038/,IMDb链接： http://www.harrypotter.co.uk https://www.imdb.com/title/tt0241527
No.49,我不是药神,9.0,参评人数： 1458323,类型： 剧情 喜剧,制片国家:  中国大陆,语言:  汉语普通话 / 英语 / 上海话 / 印地语,上映日期： 2018-07-05(中国大陆) 2018-06-30(大规模点映),片长： 117分钟,又名:  中国药神 / 印度药神 / 印度药商 / 生命之路 / Dying to Survive / Drug Dealer,导演: 文牧野,编剧: 韩家女 钟伟 文牧野,主演: 徐峥 / 王传君 / 周一围 / 谭卓 / 章宇 / 杨新鸣 / 王佳佳 / 王砚辉 / 贾晨飞 / 龚蓓苾 / 宁浩 / 李乃文 / 岳小军 / 苇青 / 富冠铭 / 巴拉特·巴蒂 / 喜利图 / 张海艳 / 朱耕佑,豆瓣链接：https://movie.douban.com/subject/26752088/,IMDb链接： https://www.imdb.com/title/tt7362036
No.50,死亡诗社 Dead Poets Society,9.1,参评人数： 488175,类型： 剧情,制片国家:  美国,语言:  英语 / 拉丁语,上映日期： 1989-06-02(多伦多首映) 1989-06-09(美国),片长： 128 分钟,又名:  暴雨骄阳(港) / 春风化雨(台) / 壮志骄阳,导演: 彼得·威尔,编剧: 汤姆·舒尔曼,主演: 罗宾·威廉姆斯 / 罗伯特·肖恩·莱纳德 / 伊桑·霍克 / 乔西·查尔斯 / 盖尔·汉森 / 迪伦·库斯曼 / 阿勒隆·鲁杰罗 / 詹姆斯·沃特斯顿 / 诺曼·劳埃德 / 柯特伍德·史密斯 / 卡拉·贝尔韦尔 / 利昂·波纳尔 / 乔治·马丁 / 乔·奥菲耶里 / 马特·凯里 / 凯文·库尼 / 拉腊·弗林·鲍尔 / 亚历桑德拉·鲍尔斯 / 梅洛拉·沃尔特斯 / 帕梅拉·伯勒尔 / 约翰·库宁汉姆 / 迪布拉·穆尼 / 库尔特·莱特纳 / 凯瑟·斯内德 / 霍纳斯·斯蒂克洛瑞斯 / 杰米·肯尼迪,豆瓣链接：https://movie.douban.com/subject/1291548/,IMDb链接： https://www.imdb.com/title/tt0097165
No.51,教父2 The Godfather: Part Ⅱ,9.2,参评人数： 359265,类型： 剧情 犯罪,制片国家:  美国,语言:  英语 / 意大利语 / 西班牙语 / 拉丁语 / 西西里语,上映日期： 1974-12-12(纽约首映) 1974-12-20(美国),片长： 202分钟,又名:  教父续集 / 教父II,导演: 弗朗西斯·福特·科波拉,编剧: 弗朗西斯·福特·科波拉 马里奥·普佐,主演: 阿尔·帕西诺 / 罗伯特·杜瓦尔 / 黛安·基顿 / 罗伯特·德尼罗 / 约翰·凯泽尔 / 塔莉娅·夏尔 / 李·斯特拉斯伯格 / 迈克尔·V·格佐 / G·D·斯普拉德林 / 理查德·布赖特 / 加斯通·莫辛 / 汤姆·罗斯奎 / 布鲁诺·柯比 / 弗兰克·西维罗 / 弗朗西丝卡·德·萨维奥 / 摩甘娜金 / 玛丽亚娜·希尔 / 莱奥波多·特里耶斯泰 / 多米尼克·查尼斯 / Amerigo Tot / 特洛伊·多纳胡 / 约翰·阿普雷亚 / 乔·斯皮内尔 / 阿贝·维高达 / 吉亚尼·罗素 / Maria Carta / 菲伊·斯潘 / 哈利·戴恩·斯坦通 / 卡明·卡里迪 / 丹尼·爱罗 / 威廉·鲍尔斯 / 约瑟夫·德拉·索尔特 / 卡门·阿尔根齐亚诺 / 乔·罗·格里普 / Ezio Flagello / 凯瑟琳·贝勒 / Saveria Mazzola / Tito Alba / 彼得·多纳特 / 汤姆·达尔格伦 / Phil Feldman / 罗杰·科曼 / 伊凡·科尔 / 艾丽卡·约恩 / Teresa Tirelli / 詹姆斯·肯恩 / Italia Coppola / 罗曼·科波拉 / 索菲亚·科波拉 / 朱莉·格雷格 / George Holmes / Buck Houghton / Shep Houghton / 小杉正一 / 加里·库尔茨 / Laura Lyons / 理查德·麦瑟森 / 约翰·梅根纳 / Harrison Ressler / Al Roberts / Hank Robinson / Filomena Spagnuolo,豆瓣链接：https://movie.douban.com/subject/1299131/,IMDb链接： https://www.imdb.com/title/tt0071562
No.52,狮子王 The Lion King,9.0,参评人数： 555758,类型： 动画 歌舞 冒险,制片国家:  美国,语言:  英语 / 斯瓦希里语 / 科萨语 / 祖鲁语,上映日期： 1995-07-15(中国大陆) 1994-06-15(美国) 2011-09-16(美国),片长： 89 分钟,又名:  狮子王3D,导演: 罗杰·阿勒斯 罗伯·明可夫,编剧: 艾琳·梅琪 乔纳森·罗伯特  琳达·伍尔芙顿,主演: 乔纳森·泰勒·托马斯 / 马修·布罗德里克 / 杰瑞米·艾恩斯 / 詹姆斯·厄尔·琼斯 / 莫伊拉·凯利 / 内森·连恩 / 尼基塔·卡兰姆 / 厄尼·萨贝拉 / 乌比·戈德堡 / 罗温·艾金森,豆瓣链接：https://movie.douban.com/subject/1301753/,IMDb链接： https://www.imdb.com/title/tt0110357
No.53,指环王2：双塔奇兵 The Lord of the Rings: The Two Towers,9.1,参评人数： 481478,类型： 剧情 动作 奇幻 冒险,制片国家:  美国 / 新西兰,语言:  英语 / 辛达林语 / 古代英语,上映日期： 2003-04-25(中国大陆) 2002-12-05(纽约首映) 2002-12-18(美国),片长： 179分钟,又名:  魔戒二部曲：双城奇谋 / 指环王II：双塔 / 魔戒2：双塔奇谋,导演: 彼得·杰克逊,编剧: 弗兰·威尔士 菲利帕·鲍恩斯 斯蒂芬·辛克莱 彼得·杰克逊 J·R·R·托尔金,主演: 伊利亚·伍德 / 西恩·奥斯汀 / 伊恩·麦克莱恩 / 维果·莫腾森 / 奥兰多·布鲁姆 / 克里斯托弗·李 / 丽芙·泰勒 / 安迪·瑟金斯 / 雨果·维文 / 卡尔·厄本 / 凯特·布兰切特 / 多米尼克·莫纳汉 / 大卫·文翰 / 比利·博伊德 / 布拉德·道里夫 / 伯纳德·希尔 / 约翰·瑞斯-戴维斯 / 米兰达·奥图,豆瓣链接：https://movie.douban.com/subject/1291572/,IMDb链接： http://www.lordoftherings.net https://www.imdb.com/title/tt0167261
No.54,窃听风暴 Das Leben der Anderen,9.1,参评人数： 401586,类型： 剧情 悬疑,制片国家:  德国,语言:  德语,上映日期： 2006-03-23(德国),片长： 137分钟,又名:  窃听者(港) / 他人的生活 / 别人的生活 / 别样人生 / The Lives of Others,导演: 弗洛里安·亨克尔·冯·多纳斯马尔克,编剧: 弗洛里安·亨克尔·冯·多纳斯马尔克,主演: 乌尔里希·穆埃 / 马蒂娜·格德克 / 塞巴斯蒂安·科赫 / 乌尔里希·图库尔 / 托马斯·蒂梅 / 汉斯-尤韦·鲍尔 / 沃克马·克莱纳特 / 马提亚斯·布伦纳 / 查理·哈纳 / 赫伯特·克瑙普 / 巴斯蒂安·特罗斯特 / 玛丽·格鲁伯 / 维尔纳·德恩 / 马丁·布拉巴赫 / 托马斯·阿诺德 / 辛纳克·勋纳曼 / 路德韦格·布洛克伯格 / 迈克尔·格伯 / 吉塔·施维赫夫 / 希尔德加德·斯罗德 / 伊嘉·比肯费尔德 / 凯·伊沃·保利兹 / 克劳斯·芒斯特,豆瓣链接：https://movie.douban.com/subject/1900841/,IMDb链接： https://www.imdb.com/title/tt0405094
No.55,大闹天宫,9.3,参评人数： 262930,类型： 动画 奇幻,制片国家:  中国大陆,语言:  汉语普通话,上映日期： 1961(中国大陆) 1964(中国大陆) 1978(中国大陆) 2004(中国大陆),片长： 114分钟,又名:  大闹天宫 上下集 / The Monkey King / Havoc in Heaven / Uproar in Heaven,导演: 万籁鸣 唐澄,编剧: 李克弱 万籁鸣,主演: 邱岳峰 / 富润生 / 毕克 / 尚华 / 于鼎 / 李梓 / 刘广宁,豆瓣链接：https://movie.douban.com/subject/1418019/,IMDb链接： https://www.imdb.com/title/tt0059855
No.56,指环王1：魔戒再现 The Lord of the Rings: The Fellowship of the Ring,9.0,参评人数： 542065,类型： 剧情 动作 奇幻 冒险,制片国家:  新西兰 / 美国,语言:  英语 / 辛达林语,上映日期： 2002-04-04(中国大陆) 2001-12-19(美国),片长： 178分钟,又名:  魔戒首部曲：魔戒现身 / 指环王I：护戒使者 / 魔戒1：护戒联盟,导演: 彼得·杰克逊,编剧: 弗兰·威尔士 菲利帕·鲍恩斯 彼得·杰克逊 J·R·R·托尔金,主演: 伊利亚·伍德 / 西恩·奥斯汀 / 伊恩·麦克莱恩 / 维果·莫腾森 / 奥兰多·布鲁姆 / 凯特·布兰切特 / 肖恩·宾 / 克里斯托弗·李 / 雨果·维文 / 丽芙·泰勒 / 安迪·瑟金斯 / 伊安·霍姆 / 多米尼克·莫纳汉 / 萨拉·贝克 / 约翰·瑞斯-戴维斯,豆瓣链接：https://movie.douban.com/subject/1291571/,IMDb链接： http://www.lordoftherings.net https://www.imdb.com/title/tt0120737
No.57,"两杆大烟枪 Lock, Stock and Two Smoking Barrels",9.1,参评人数： 427475,类型： 剧情 喜剧 犯罪,制片国家:  英国,语言:  英语,上映日期： 1998-08-28(英国),片长： 107分钟,又名:  够姜四小强(港) / 两根枪管(台) / 两只老烟枪 / 魔高一丈 / 两杆老烟枪,导演: 盖·里奇,编剧: 盖·里奇,主演: 杰森·弗莱明 / 德克斯特·弗莱彻 / 尼克·莫兰 / 杰森·斯坦森 / 斯蒂文·麦金托什 / 斯汀 / 维尼·琼斯,豆瓣链接：https://movie.douban.com/subject/1293350/,IMDb链接： https://www.imdb.com/title/tt0120735
No.58,美丽心灵 A Beautiful Mind,9.0,参评人数： 529186,类型： 剧情 传记,制片国家:  美国,语言:  英语,上映日期： 2001-12-13(加州首映) 2002-01-04(美国),片长： 135分钟,又名:  有你终生美丽(港) / 美丽境界(台) / 完美大脑,导演: 朗·霍华德,编剧: 阿齐瓦·高斯曼 西尔维娅·纳萨尔,主演: 罗素·克劳 / 艾德·哈里斯 / 詹妮弗·康纳利 / 克里斯托弗·普卢默 / 保罗·贝坦尼 / 亚当·戈德堡 / 乔什·卢卡斯 / 安东尼·拉普 / 贾森·加里-斯坦福德 / 贾德·赫希 / 奥斯汀·潘德尔顿 / 薇薇·卡登尼 / 吉莉·西蒙 / 维克多·斯坦巴赫 / 坦娅·克拉克 / 罗伊·辛尼斯 / 谢丽尔·霍华德 / 兰斯·霍华德 / 简·詹金斯 / 乔什·帕斯 / 瓦伦蒂娜·卡迪纳利 / 蒂格尔·F·伯格里 / 迈克尔·埃斯佩尔 / 艾米·瓦尔兹 / 小艾德.朱普 / 卡拉·奥奇格罗索 / 斯特里奥·萨万特 / 迈克尔·阿伯特 / 雷吉·奥斯汀 / 凯德·比特纳 / 理查·布莱恩特 / 丹·陈 / 乔纳·福尔肯 / 法布里奇奥·范特 / 斯科特·费恩斯特罗姆 / 迈克尔·菲奥里 / 塞斯·盖贝尔 / 埃文·哈特 / 杰森·霍顿 / 布莱丝·达拉斯·霍华德 / 朗·霍华德 / 多里·曼佐尔 / 罗伯特·迈尔斯 / 里德·彭尼 / 米尔斯·彼埃尔 / 肖恩·里德,豆瓣链接：https://movie.douban.com/subject/1306029/,IMDb链接： https://www.imdb.com/title/tt0268978
No.59,饮食男女 飲食男女,9.1,参评人数： 393590,类型： 剧情 家庭,制片国家:  中国台湾 / 美国,语言:  汉语普通话 / 闽南语 / 湖南话,上映日期： 1994-08-03(美国),片长： 124分钟,又名:  Eat Drink Man Woman,导演: 李安,编剧: 李安 王蕙玲 詹姆斯·夏慕斯,主演: 郎雄 / 杨贵媚 / 吴倩莲 / 王渝文 / 张艾嘉 / 归亚蕾 / 赵文瑄 / 陈昭荣 / 陈捷文 / 卢金城 / 唐语谦 / 洪其德 / 王瑞 / 杜满生 / 王玨 / 陈妤 / 左正芬 / 许敬民 / 聂卓晶 / 丁仲,豆瓣链接：https://movie.douban.com/subject/1291818/,IMDb链接： https://www.imdb.com/title/tt0111797
No.60,飞越疯人院 One Flew Over the Cuckoo's Nest,9.1,参评人数： 423748,类型： 剧情,制片国家:  美国,语言:  英语,上映日期： 1975-11-19(美国),片长： 133分钟,又名:  飞越杜鹃窝(台) / 飞越喜鹊巢,导演: 米洛斯·福尔曼,编剧: 劳伦斯·奥邦 博·古德曼 肯·凯西 达尔·瓦瑟曼,主演: 杰克·尼科尔森 / 丹尼·德维托 / 克里斯托弗·洛伊德 / 路易丝·弗莱彻 / 威尔·萨姆森 / 特德·马克兰德 / 布拉德·道里夫 / 斯加特曼·克罗索斯 / 迈克尔·贝里曼 / 彼得·布罗科 / 穆瓦科·卡姆布卡 / 威廉·达尔 / 乔西普·艾利克 / 西德尼·拉斯克 / 凯·李 / 德怀特·马费尔德 / 路易莎·莫里茨 / 威廉·雷德菲尔德 / 菲利普·罗斯 / 米米·萨奇席恩 / 文森特·斯卡维利 / 米斯·斯马尔 / 德罗斯·V·史密斯,豆瓣链接：https://movie.douban.com/subject/1292224/,IMDb链接： https://www.imdb.com/title/tt0073486
No.61,猫鼠游戏 Catch Me If You Can,9.0,参评人数： 546268,类型： 剧情 传记 犯罪,制片国家:  美国 / 加拿大,语言:  英语 / 法语,上映日期： 2003-04-11(中国大陆) 2002-12-16(洛杉矶首映) 2002-12-25(美国),片长： 141 分钟,又名:  逍遥法外 / 神鬼交锋(台) / 捉智双雄(港) / 我知道你是谁 / 有种来抓我,导演: 史蒂文·斯皮尔伯格,编剧: 杰夫·内桑森,主演: 莱昂纳多·迪卡普里奥 / 汤姆·汉克斯 / 克里斯托弗·沃肯 / 马丁·辛 / 艾米·亚当斯 / 詹妮弗·加纳 / 伊丽莎白·班克斯 / 纳塔莉·贝伊 / 詹姆斯·布洛林 / 艾伦·旁派 / 南希·利内翰 / 布莱恩·豪威  / 弗兰克·约翰·休斯 / 克里斯·埃里斯,豆瓣链接：https://movie.douban.com/subject/1305487/,IMDb链接： https://www.imdb.com/title/tt0264464
No.62,黑客帝国 The Matrix,9.0,参评人数： 540112,类型： 动作 科幻,制片国家:  美国 / 澳大利亚,语言:  英语,上映日期： 1999-03-31(美国),片长： 136分钟,又名:  廿二世纪杀人网络(港) / 骇客任务(台),导演: 莉莉·沃卓斯基 拉娜·沃卓斯基,编剧: 莉莉·沃卓斯基 拉娜·沃卓斯基,主演: 基努·里维斯 / 劳伦斯·菲什伯恩 / 凯瑞-安·莫斯 / 雨果·维文 / 格洛丽亚·福斯特 / 乔·潘托里亚诺 / 马库斯·钟 / 朱利安·阿拉汗加 / 马特·多兰 / 贝琳达·麦克洛里 / 安东尼雷派克 / 罗伯特·泰勒 / 阿达·尼科德莫 / 罗温·维特 / Tamara Brown / Natalie Tjen / 比尔·扬 / Chris Scott / 纳许·埃哲顿,豆瓣链接：https://movie.douban.com/subject/1291843/,IMDb链接： https://www.imdb.com/title/tt0133093
No.63,V字仇杀队 V for Vendetta,8.9,参评人数： 745249,类型： 剧情 动作 科幻 惊悚,制片国家:  美国 / 英国 / 德国,语言:  英语,上映日期： 2005-12-11(BNAT电影节) 2006-03-17(美国),片长： 132分钟,又名:  V煞(港) / V怪客(台) / 复仇者V / V字仇杀令 / V字别动队,导演: 詹姆斯·麦克特格,编剧: 莉莉·沃卓斯基 拉娜·沃卓斯基,主演: 娜塔莉·波特曼 / 雨果·维文 / 斯蒂芬·瑞 / 斯蒂芬·弗雷 / 约翰·赫特 / 蒂姆·皮戈特-史密斯 / 鲁珀特·格雷夫斯 / 罗杰·阿拉姆 / 本·迈尔斯 / 西妮德·库萨克 / 娜塔莎·怀特曼 / 约翰·斯坦丁 / 埃迪·马森 / 克里夫·阿什伯恩 / Emma Field-Rayner / 伊安·布尔费尔德 / Mark Phoenix / Alister Mazzotti / 比莉·库克 / 盖伊·亨利 / 科斯马·肖 / Megan Gay / Roderic Culver / Tara Hacking / 安迪·莱什利兹 / 查德·斯塔赫斯基 / 布拉德利·斯蒂夫·福特 / 马德琳·拉基克-普拉特 / 塞丽娜·贾尔斯 / 卡斯腾·海斯 / 伊莫琴·普茨 / 劳拉·格林伍德 / Kyra Meyer / 玛丽·萧克莱  / 理查德·莱恩 / Michael Simkins,豆瓣链接：https://movie.douban.com/subject/1309046/,IMDb链接： https://www.imdb.com/title/tt0434409
No.64,钢琴家 The Pianist,9.2,参评人数： 355414,类型： 剧情 音乐 传记 历史 战争,制片国家:  法国 / 德国 / 英国 / 波兰,语言:  英语 / 德语 / 俄语,上映日期： 2002-05-24(戛纳电影节) 2002-09-25(法国),片长： 150分钟,又名:  战地琴声(台) / 战地琴人 / 钢琴战曲 / 钢琴师,导演: 罗曼·波兰斯基,编剧: 罗纳德·哈伍德,主演: 艾德里安·布洛迪 / 托马斯·克莱舒曼 / 艾米莉娅·福克斯 / 米哈乌·热布罗夫斯基 / 埃德·斯托帕德 / 穆琳·利普曼 / 弗兰克·芬莱 / 茱莉亚·蕾娜 / 杰西卡·凯特·梅耶尔 / 理查德·赖丁斯,豆瓣链接：https://movie.douban.com/subject/1296736/,IMDb链接： https://www.imdb.com/title/tt0253474
No.65,本杰明·巴顿奇事 The Curious Case of Benjamin Button,8.9,参评人数： 691222,类型： 剧情 爱情 奇幻,制片国家:  美国,语言:  英语 / 俄语 / 法语,上映日期： 2008-12-25(美国),片长： 166分钟,又名:  奇幻逆缘(港) / 班杰明的奇幻旅程(台) / 返老还童,导演: 大卫·芬奇,编剧: 艾瑞克·罗斯 罗宾·史威考德 F·司各特·菲茨杰拉德,主演: 凯特·布兰切特 / 布拉德·皮特 / 朱莉娅·奥蒙德 / 芳妮·A·钱勃丝 / 伊莱亚斯·科泰斯 / 杰森·弗莱明 / 大卫·詹森 / 蒂尔达·斯文顿 / 艾丽·范宁 / 乔安娜·塞勒 / 乔什·斯图沃特 / 丹尼·文森 / 塔拉吉·P·汉森 / 马赫沙拉·阿里 / 菲奥娜·黑尔 / 唐娜·杜普兰提尔 / 兰斯·E·尼克尔斯 / 特德·曼森 / 克莱·卡伦 / 菲利斯·萨莫维尔 / 杰瑞德·哈里斯 / 麦迪逊·贝蒂 / 汤姆·埃沃雷特 / 克里斯托弗·马克斯韦尔 / 伊利亚·沃里克,豆瓣链接：https://movie.douban.com/subject/1485260/,IMDb链接： https://www.imdb.com/title/tt0421715
No.66,看不见的客人 Contratiempo,8.8,参评人数： 806669,类型： 剧情 悬疑 惊悚 犯罪,制片国家:  西班牙,语言:  西班牙语,上映日期： 2017-09-15(中国大陆) 2016-09-23(奇幻电影节) 2017-01-06(西班牙),片长： 106分钟,又名:  佈局(台) / 死无对证(港) / The Invisible Guest,导演: 奥里奥尔·保罗,编剧: 奥里奥尔·保罗,主演: 马里奥·卡萨斯 / 阿娜·瓦格纳 / 何塞·科罗纳多 / 巴巴拉·莱涅 / 弗兰塞斯克·奥雷利亚 / 帕科·图斯 / 大卫·塞尔瓦斯 / 伊尼戈·加斯特西 / 圣·耶拉莫斯 / 马内尔·杜维索 / 布兰卡·马丁内斯 / 佩雷·布拉索 / 霍尔迪·布鲁内特 / 鲍比·冈萨雷斯 / 玛蒂娜·乌尔塔多,豆瓣链接：https://movie.douban.com/subject/26580232/,IMDb链接： https://www.imdb.com/title/tt4857264
No.67,让子弹飞,8.8,参评人数： 1123068,类型： 剧情 喜剧 动作 西部,制片国家:  中国大陆 / 中国香港,语言:  汉语普通话 / 四川话 / 山西话,上映日期： 2010-12-16(中国大陆),片长： 132分钟,又名:  让子弹飞一会儿 / 火烧云 / Let The Bullets Fly,导演: 姜文,编剧: 朱苏进 述平 姜文 郭俊立 危笑 李不空 马识途,主演: 姜文 / 葛优 / 周润发 / 刘嘉玲 / 陈坤 / 张默 / 姜武 / 周韵 / 廖凡 / 姚橹 / 邵兵 / 苗圃 / 冯小刚 / 胡军 / 马珂 / 白冰 / 杜奕衡 / 李静 / 胡明 / 危笑 / 杨奇雨 / 赵铭,豆瓣链接：https://movie.douban.com/subject/3742360/,IMDb链接： https://www.imdb.com/title/tt1533117 https://site.douban.com/106755/
No.68,西西里的美丽传说 Malèna,8.9,参评人数： 678654,类型： 剧情 情色 战争,制片国家:  意大利 / 美国,语言:  意大利语 / 英语 / 拉丁语 / 古希腊语,上映日期： 2000-10-27(意大利),片长： 109 分钟,又名:  真爱伴我行(台) / 玛莲娜 / 玛琳娜,导演: 朱塞佩·托纳多雷,编剧: 朱塞佩·托纳多雷 卢恰诺·温琴佐尼,主演: 莫妮卡·贝鲁奇 / 朱塞佩·苏尔法罗 / Luciano Federico / 玛蒂尔德·皮亚纳 / Pietro Notarianni / Gaetano Aronica / Gilberto Idonea / Angelo Pellegrino / Gabriella Di Luzio / Pippo Provvidenti / 埃丽萨·莫鲁奇 / 奥罗拉·夸特罗基 / 露琪亚·萨多 / 瓦尼·布拉马蒂 / Salvatore Martino / 安东内洛·普利西 / Noam Morgensztern,豆瓣链接：https://movie.douban.com/subject/1292402/,IMDb链接： https://www.imdb.com/title/tt0213847
No.69,海豚湾 The Cove,9.3,参评人数： 280520,类型： 纪录片,制片国家:  美国,语言:  英语 / 日语,上映日期： 2009-07-31(美国),片长： 92分钟,又名:  血色海湾(台) / 海湾 / 海湾屠场 / 海湾峡谷 / The Rising,导演: 路易·西霍尤斯,编剧: 马克·蒙雷,主演: Richard O'Barry / 路易·西霍尤斯 / Hardy Jones / Michael Illiff / Joji Morishita / Ian Campbell / Paul Watson / Doug DeMaster / Dave Rastovich / Charles Hambleton / Hayato Sakurai / Mandy-Rae Cruikshank / Kirk Krack / 伊莎贝尔·卢卡斯 / 海顿·潘妮蒂尔,豆瓣链接：https://movie.douban.com/subject/3442220/,IMDb链接： http://www.thecovemovie.com https://www.imdb.com/title/tt1313104
No.70,小鞋子 بچههای آسمان,9.2,参评人数： 276937,类型： 剧情 家庭 儿童,制片国家:  伊朗,语言:  波斯语,上映日期： 1997-02(伊朗) 1999-01-22(美国),片长： 89分钟,又名:  天堂的孩子 / 小童鞋 / Children of Heaven / Bacheha-Ye aseman,导演: 马基德·马基迪,编剧: 马基德·马基迪,主演: 法拉赫阿米尔·哈什米安 / 默罕默德·阿米尔·纳吉 / 巴哈丽·西迪奇 / 纳菲丝·贾法-穆罕默迪 / 费雷什特·萨拉班迪 / Kamal Mirkarimi / Behzad Rafi / Dariush Mokhtari / Mohammad-Hasan Hosseinian / Masume Dair / 克里斯托弗·马利基,豆瓣链接：https://movie.douban.com/subject/1303021/,IMDb链接： http://www.cinemajidi.com/children/ https://www.imdb.com/title/tt0118849
No.71,拯救大兵瑞恩 Saving Private Ryan,9.0,参评人数： 447014,类型： 剧情 历史 战争,制片国家:  美国,语言:  英语 / 法语 / 德语 / 捷克语,上映日期： 1998-11-13(中国大陆) 1998-07-24(美国),片长： 169分钟,又名:  雷霆救兵(港) / 抢救雷恩大兵(台) / 拯救大兵雷恩,导演: 史蒂文·斯皮尔伯格,编剧: 罗伯特·罗达特,主演: 汤姆·汉克斯 / 汤姆·塞兹摩尔 / 爱德华·伯恩斯 / 巴里·佩珀 / 亚当·戈德堡 / 范·迪塞尔 / 吉奥瓦尼·瑞比西 / 杰瑞米·戴维斯 / 马特·达蒙 / 特德·丹森 / 保罗·吉亚玛提 / 丹尼斯·法里纳 / 马克斯·马蒂尼 / 丹兰·布鲁诺 / 丹尼尔·切尔奎拉 / 迪米特里·格里特萨斯 / 史蒂夫·格里芬 / 彼得·迈尔斯 / 亚当·肖 / 罗尔夫·萨克森 / 克里·约翰逊 / 洛克兰·艾肯 / 尚恩约翰逊 / 莱尔德·曼辛托斯 / 安德鲁·斯科特 / 马修·夏普 / 文森特·沃尔什 / 约翰·沙拉恩 / 马丁·哈伯 / 罗非洛·迪格托勒 / 恩里奇·雷德曼 / 米歇尔·埃文斯 / 内森·菲利安 / 利兰·奥瑟 / 大卫·维格 / 瑞恩·赫斯特 / 哈威·普雷斯内尔 / 代尔·戴 / 布莱恩·科兰斯顿 / 大卫·沃尔 / 埃里克·罗兰 / 哈里逊·杨 / 凯思琳·拜荣 / 约翰·德·兰西 / 詹姆斯·恩布里 / 德里克·李 / 若昂·科斯塔·梅内塞斯 / 马克·施泰因迈尔,豆瓣链接：https://movie.douban.com/subject/1292849/,IMDb链接： http://www.rzm.com/pvt.ryan/index.html https://www.imdb.com/title/tt0120815
No.72,情书 Love Letter,8.9,参评人数： 635909,类型： 剧情 爱情,制片国家:  日本,语言:  日语,上映日期： 1999-03(中国大陆) 1995-03-25(日本),片长： 117分钟,又名:  When I Close My Eyes / Letters of Love,导演: 岩井俊二,编剧: 岩井俊二,主演: 中山美穗 / 丰川悦司 / 酒井美纪 / 柏原崇 / 范文雀 / 篠原胜之 / 铃木庆一 / 田口智朗 / 加贺麻理子 / 光石研 / 铃木兰兰 / 盐见三省 / 中村久美 / 梅田凡乃 / 长田江身子  / 小栗香织 / 神户浩 / 酒井敏也 / 山口诗史 / 山崎一 / 德井优 / 武藤寿美,豆瓣链接：https://movie.douban.com/subject/1292220/,IMDb链接： https://www.imdb.com/title/tt0113703
No.73,穿条纹睡衣的男孩 The Boy in the Striped Pajamas,9.1,参评人数： 340970,类型： 剧情 战争,制片国家:  英国 / 美国,语言:  英语 / 西班牙语,上映日期： 2008-09-12(英国) 2008-11-07(美国),片长： 94分钟,又名:  穿条纹衣服的男孩 / 穿条纹衣的男孩,导演: 马克·赫尔曼,编剧: 约翰·伯恩 马克·赫尔曼,主演: 阿萨·巴特菲尔德 / 维拉·法米加 / 卡拉·霍根 / 祖萨·霍尔 / 安贝尔·比蒂 / 拉斯洛·阿隆 / 大卫·休里斯 / 理查德·约翰逊 / 谢拉·汉考克 / 伊凡·弗雷贝利 / 贝拉·费斯彼姆 / 阿提拉·埃杰德 / 鲁伯特·弗兰德 / 大卫·海曼 / 吉姆·诺顿 / 杰克·塞隆 / 米哈利·绍鲍多什 / 泽索特·萨法尔·科夫卡 / 奥索利亚·茱莉娅·帕普,豆瓣链接：https://movie.douban.com/subject/3008247/,IMDb链接： https://www.imdb.com/title/tt0914798
No.74,音乐之声 The Sound of Music,9.0,参评人数： 414660,类型： 剧情 爱情 歌舞 传记,制片国家:  美国,语言:  英语 / 德语,上映日期： 1965-03-02(美国),片长： 174分钟,又名:  仙乐飘飘处处闻(港) / 真善美(台) / 一个叛逆修女的故事,导演: 罗伯特·怀斯,编剧: 乔治·胡达勒克 霍华德·林赛 拉塞尔·克劳斯 恩斯特·莱赫曼 Maria von Trapp,主演: 朱莉·安德鲁斯 / 克里斯托弗·普卢默 / 埃琳诺·帕克 / 理查德·海顿 / 佩吉·伍德 / 查尔敏·卡尔 / 希瑟·孟席斯-尤里克 / 尼古拉斯·哈蒙德 / 杜安·蔡斯 / 安吉拉·卡特怀特 / 黛比·特纳 / 基姆·卡拉思 / 安娜·李 / 波希娅·纳尔逊 / 本·怀特 / 丹尼尔·特鲁希特 / 诺玛·威登 / 吉尔克里斯特·斯图尔特 / 马妮·尼克松 / 埃瓦德妮·贝克 / 多丽丝·劳埃德 / 格特鲁德·阿斯特 / 弗兰克·贝克 / Steve Carruthers / 山姆·哈里斯 / Dorothy Jeakins / Leoda Richards / 杰弗里·塞尔 / Bernard Sell / Norman Stevans / 伯特史蒂文斯 / Maria von Trapp,豆瓣链接：https://movie.douban.com/subject/1294408/,IMDb链接： https://www.imdb.com/title/tt0059742
No.75,美国往事 Once Upon a Time in America,9.2,参评人数： 293981,类型： 剧情 犯罪,制片国家:  美国 / 意大利,语言:  英语 / 法语 / 意大利语,上映日期： 1984-02-17(波士顿首映) 1984-09-28(意大利),片长： 229分钟(导演剪辑版),又名:  四海兄弟(台) / 义薄云天(港),导演: 赛尔乔·莱昂内,编剧: 皮耶罗·德·贝纳迪 莱奥纳多·本韦努蒂 弗兰科·奥卡利 恩里科·梅迪欧力 弗兰科·费里尼 赛尔乔·莱昂内,主演: 罗伯特·德尼罗 / 詹姆斯·伍兹 / 伊丽莎白·麦戈文 / 乔·佩西 / 波特·杨 / 塔斯黛·韦尔德 / 特里特·威廉斯 / 丹尼·爱罗 / 理查德·布赖特 / 詹姆斯·海登 / 威廉·弗西斯 / 达兰妮·弗鲁格 / 拉里·拉普 / 理查德·弗让吉 / 罗伯特·哈珀 / 詹妮弗·康纳利,豆瓣链接：https://movie.douban.com/subject/1292262/,IMDb链接： http://www.onceuponatimeinamerica.net https://www.imdb.com/title/tt0087843
No.76,绿皮书 Green Book,8.9,参评人数： 1037119,类型： 剧情 喜剧 传记,制片国家:  美国,语言:  英语 / 意大利语 / 俄语 / 德语,上映日期： 2019-03-01(中国大陆) 2018-09-11(多伦多电影节) 2018-11-16(美国),片长： 130分钟,又名:  绿簿旅友(港) / 幸福绿皮书(台) / 绿书,导演: 彼得·法雷里,编剧: 尼克·瓦莱隆加 布莱恩·库瑞 彼得·法雷里,主演: 维果·莫腾森 / 马赫沙拉·阿里 / 琳达·卡德里尼 / 塞巴斯蒂安·马尼斯科 / 迪米特·D·马里诺夫 / 迈克·哈顿 / P·J·伯恩 / 乔·柯蒂斯 / 玛姬·尼克松 / 冯·刘易斯 / 乔恩·索特兰 / 唐·斯达克 / 安东尼·曼加诺 / 保罗·斯隆 / 珍娜·劳伦索 / 肯尼斯·以色列 / 伊克博·塞巴 / 尼克·瓦莱隆加 / 大卫·安 / 迈克·切罗内 / 杰拉尔丁·辛格 / 马丁·巴特斯·布拉德福德 / 格拉伦·布莱恩特·班克斯 / 汤姆·维图 / 夏恩·帕特洛 / 丹尼斯·W·霍尔 / 吉姆·克洛克 / 戴恩·罗兹 / 布赖恩·斯特帕尼克 / 乔恩·迈克尔·戴维斯 / 布莱恩·库瑞 / 托尼亚·马尔多纳多,豆瓣链接：https://movie.douban.com/subject/27060077/,IMDb链接： https://www.imdb.com/title/tt6966692
No.77,致命魔术 The Prestige,8.9,参评人数： 591460,类型： 剧情 悬疑 惊悚,制片国家:  美国 / 英国,语言:  英语,上映日期： 2006-10-17(罗马电影节) 2006-10-20(美国),片长： 130分钟,又名:  顶尖对决(台) / 死亡魔法(港) / 魔高一丈 / 魔道争锋,导演: 克里斯托弗·诺兰,编剧: 乔纳森·诺兰 克里斯托弗·诺兰 克里斯托弗·普瑞丝特,主演: 休·杰克曼 / 克里斯蒂安·贝尔 / 迈克尔·凯恩 / 丽贝卡·豪尔 / 斯嘉丽·约翰逊 / 大卫·鲍伊 / 安迪·瑟金斯 / 派珀·佩拉博 / 萨曼塔·马霍林 / 丹尼尔·戴维斯 / 吉姆·皮多克 / 克里斯托弗·尼姆 / 马克·瑞安 / 罗杰·里斯 / 杰米·哈里斯 / 罗恩·帕金斯 / 瑞奇·杰 / 安东尼·德·马克 / 冀朝理,豆瓣链接：https://movie.douban.com/subject/1780330/,IMDb链接： https://www.imdb.com/title/tt0482571
No.78,海蒂和爷爷 Heidi,9.2,参评人数： 248368,类型： 剧情 家庭 冒险,制片国家:  德国 / 瑞士 / 南非,语言:  德语 / 瑞士德语 / 南非语,上映日期： 2019-05-16(中国大陆) 2015-12-10(德国),片长： 111分钟,又名:  飘零燕(港) / 海蒂 / 阿尔卑斯山少女海蒂,导演: 阿兰·葛斯彭纳,编剧: 约翰娜·施皮里 佩特拉·比翁迪娜·沃尔普,主演: 阿努克·斯特芬 / 布鲁诺·甘茨 / 昆林·艾格匹 / 安娜·申茨 / 伊莎贝尔·奥特曼 / 莉莲·奈福 / 彼得·杰克林 / 克里斯托夫·高格勒 / 丽贝卡·因德穆 / 莫妮卡·古布瑟 / 阿瑟·比勒 / 玛丽埃塔·耶米 / 彼得·洛迈尔 / 卡塔琳娜·舒特勒 / 杰拉·哈斯 / 迈克尔·克兰茨 / 劳拉·帕克 / 马库斯·赫林 / 马克西姆·梅米特 / 汉内洛勒·霍格,豆瓣链接：https://movie.douban.com/subject/25958717/,IMDb链接： https://www.imdb.com/title/tt3700392
No.79,低俗小说 Pulp Fiction,8.8,参评人数： 586859,类型： 剧情 喜剧 犯罪,制片国家:  美国,语言:  英语 / 西班牙语 / 法语,上映日期： 1994-05-12(戛纳电影节) 1994-10-14(美国),片长： 154分钟,又名:  黑色追緝令(台) / 危险人物(港) / 黑色追击令 / 低级趣味小说,导演: 昆汀·塔伦蒂诺,编剧: 昆汀·塔伦蒂诺 罗杰·阿夫瑞,主演: 约翰·特拉沃尔塔 / 乌玛·瑟曼 / 阿曼达·普拉莫 / 蒂姆·罗斯 / 塞缪尔·杰克逊 / 菲尔·拉马 / 布鲁斯·威利斯 / 弗兰克·威利 / 布尔·斯蒂尔斯 / 文·瑞姆斯 / 劳拉·拉芙蕾丝 / 保罗·考尔德伦 / 布罗娜·加拉赫 / 罗姗娜·阿奎特 / 埃里克·斯托尔兹 / 玛丽亚·德·梅黛洛,豆瓣链接：https://movie.douban.com/subject/1291832/,IMDb链接： https://www.imdb.com/title/tt0110912
No.80,七宗罪 Se7en,8.8,参评人数： 688161,类型： 剧情 悬疑 惊悚 犯罪,制片国家:  美国,语言:  英语 / 葡萄牙语,上映日期： 1995-09-22(美国),片长： 127分钟,又名:  火线追缉令(台) / 7宗罪 / Seven,导演: 大卫·芬奇,编剧: 安德鲁·凯文·沃克,主演: 摩根·弗里曼 / 布拉德·皮特 / 凯文·史派西 / 格温妮斯·帕特洛 / 安德鲁·凯文·沃克 / 约翰·卡西尼 / 雷格·E·凯蒂 / 李·厄米,豆瓣链接：https://movie.douban.com/subject/1292223/,IMDb链接： https://www.imdb.com/title/tt0114369
No.81,沉默的羔羊 The Silence of the Lambs,8.8,参评人数： 584946,类型： 剧情 惊悚 犯罪,制片国家:  美国,语言:  英语,上映日期： 1991-02-14(美国),片长： 118分钟,又名:,导演: 乔纳森·戴米,编剧: 托马斯·哈里斯 泰德·塔里,主演: 朱迪·福斯特 / 安东尼·霍普金斯 / 斯科特·格伦 / 安东尼·希尔德 / 布鲁克·史密斯 / 卡斯·莱蒙斯 / 弗兰基·费森 / 泰德·拉文 / 崔西·沃特 / 丹·巴特勒 / 达拉,豆瓣链接：https://movie.douban.com/subject/1293544/,IMDb链接： https://www.imdb.com/title/tt0102926
No.82,蝴蝶效应 The Butterfly Effect,8.8,参评人数： 650416,类型： 剧情 科幻 悬疑 惊悚,制片国家:  美国 / 加拿大,语言:  英语,上映日期： 2004-01-23(美国),片长： 113分钟,又名:,导演: 埃里克·布雷斯 J·麦基·格鲁伯,编剧: J·麦基·格鲁伯 埃里克·布雷斯,主演: 阿什顿·库彻 / 梅洛拉·沃尔特斯 / 艾米·斯马特 / 埃尔登·汉森 / 威廉姆·李·斯科特 / 约翰·帕特里克·阿梅多利 / 艾琳·戈洛瓦娅 / 凯文·G·施密特 / 杰西·詹姆斯 / 罗根·勒曼 / 莎拉·威多斯 / 杰克·凯斯 / 卡梅隆·布莱特 / 埃里克·斯托尔兹 / 考乐姆·吉斯·雷尼,豆瓣链接：https://movie.douban.com/subject/1292343/,IMDb链接： https://www.imdb.com/title/tt0289879
No.83,春光乍泄 春光乍洩,8.9,参评人数： 438964,类型： 剧情 爱情 同性,制片国家:  中国香港 / 日本 / 韩国,语言:  粤语 / 汉语普通话 / 西班牙语,上映日期： 1997-05-30(中国香港) 1997-05-17(戛纳电影节),片长： 96分钟,又名:  一起快乐 / Happy Together,导演: 王家卫,编剧: 王家卫,主演: 张国荣 / 梁朝伟 / 张震,豆瓣链接：https://movie.douban.com/subject/1292679/,IMDb链接： https://www.imdb.com/title/tt0118845
No.84,被嫌弃的松子的一生 嫌われ松子の一生,8.9,参评人数： 525632,类型： 剧情 歌舞,制片国家:  日本,语言:  日语,上映日期： 2006-05-27(日本),片长： 130 分钟,又名:  花样奇缘(港) / 令人讨厌的松子的一生(台) / 松子被嫌弃的一生 / 松子的悲惨人生 / Kiraware Matsuko no isshô / Memories of Matsuko,导演: 中岛哲也,编剧: 中岛哲也 山田宗树,主演: 中谷美纪 / 永山瑛太 / 香川照之 / 市川实日子 / 伊势谷友介 / 柄本明 / 黑泽明日香 / 荒川良良 / 柴崎幸 / 土屋安娜 / 奥之矢佳奈 / 谷原章介 / 武田真治 / 片平渚 / 宫藤官九郎 / 角野卓造 / 田中要次 / 木村凯拉 / 谷中敦 / 剧团一人,豆瓣链接：https://movie.douban.com/subject/1787291/,IMDb链接： https://www.imdb.com/title/tt0768120
No.85,禁闭岛 Shutter Island,8.8,参评人数： 649955,类型： 剧情 悬疑 惊悚,制片国家:  美国,语言:  英语 / 德语,上映日期： 2010-02-13(柏林电影节) 2010-02-19(美国),片长： 138 分钟,又名:  不赦岛(港) / 隔离岛(台) / 孤岛疑云 / 荒岛追凶 / 孤岛恐慌 / 关门岛 / 孤岛 / 艾什克里夫,导演: 马丁·斯科塞斯,编剧: 莱塔·卡罗格里迪斯 丹尼斯·勒翰,主演: 莱昂纳多·迪卡普里奥 / 马克·鲁弗洛 / 本·金斯利 / 马克斯·冯·叙多夫 / 米歇尔·威廉姆斯 / 艾米莉·莫迪默 / 派翠西娅·克拉克森 / 杰基·厄尔·哈利 / 泰德·拉文 / 约翰·卡洛·林奇 / 伊莱亚斯·科泰斯 / 罗宾·巴特利特 / 克里斯托弗·邓汉 / 约瑟夫·斯科拉,豆瓣链接：https://movie.douban.com/subject/2334904/,IMDb链接： https://www.imdb.com/title/tt1130884
No.86,心灵捕手 Good Will Hunting,8.9,参评人数： 485707,类型： 剧情,制片国家:  美国,语言:  英语,上映日期： 1997-12-05(美国),片长： 126 分钟,又名:  骄阳似我(港),导演: 格斯·范·桑特,编剧: 本·阿弗莱克 马特·达蒙,主演: 马特·达蒙 / 罗宾·威廉姆斯 / 本·阿弗莱克 / 斯特兰·斯卡斯加德 / 明妮·德里弗 / 卡西·阿弗莱克 / 科尔·豪瑟 / 约翰·迈顿 / 丹·华盛顿 / 艾莉森·福兰德 / 维克·萨海 / 史蒂文·科兹洛夫斯基 / 斯科特·威廉姆·文特斯 / 吉米·弗林 / 乔治·普林普顿 / 弗朗切斯科·克莱门特,豆瓣链接：https://movie.douban.com/subject/1292656/,IMDb链接： https://www.imdb.com/title/tt0119217
No.87,布达佩斯大饭店 The Grand Budapest Hotel,8.8,参评人数： 615009,类型： 剧情 喜剧 冒险,制片国家:  美国 / 德国 / 英国,语言:  英语 / 法语 / 德语,上映日期： 2014-02-06(柏林电影节) 2014-03-28(美国),片长： 99分钟,又名:  布达佩斯大酒店(港) / 欢迎来到布达佩斯大饭店(台),导演: 韦斯·安德森,编剧: 韦斯·安德森 雨果·吉尼斯 斯蒂芬·茨威格,主演: 拉尔夫·费因斯 / 托尼·雷沃罗利 / 艾德里安·布洛迪 / 威廉·达福 / 裘德·洛 / 爱德华·诺顿 / 西尔莎·罗南 / 蒂尔达·斯文顿 / 比尔·默瑞 / 蕾雅·赛杜 / 欧文·威尔逊 / 詹森·舒瓦兹曼 / 马修·阿马立克 / F·默里·亚伯拉罕 / 汤姆·威尔金森 / 杰夫·高布伦 / 哈威·凯特尔,豆瓣链接：https://movie.douban.com/subject/11525673/,IMDb链接： http://www.grandbudapesthotel.com https://www.imdb.com/title/tt2278388
No.88,阿凡达 Avatar,8.7,参评人数： 932889,类型： 动作 科幻 冒险,制片国家:  美国 / 英国,语言:  英语 / 西班牙语,上映日期： 2010-01-04(中国大陆) 2009-12-18(美国),片长： 162分钟,又名:  天神下凡(港) / 化身 / 异次元战神 / 神之化身,导演: 詹姆斯·卡梅隆,编剧: 詹姆斯·卡梅隆,主演: 萨姆·沃辛顿 / 佐伊·索尔达娜 / 西格妮·韦弗 / 史蒂芬·朗 / 米歇尔·罗德里格兹 / 吉奥瓦尼·瑞比西 / 乔·大卫·摩尔  / 希·庞德 / 韦斯·斯塔迪 / 拉兹·阿隆索 / 迪利普·劳 / 马特·杰拉德 / 肖恩·安东尼·莫兰,豆瓣链接：https://movie.douban.com/subject/1652587/,IMDb链接： http://www.avatarmovie.com https://www.imdb.com/title/tt0499549
No.89,剪刀手爱德华 Edward Scissorhands,8.7,参评人数： 789277,类型： 剧情 爱情 奇幻,制片国家:  美国,语言:  英语,上映日期： 1990-12-06(美国),片长： 105分钟,又名:  幻海奇缘(港),导演: 蒂姆·波顿,编剧: 蒂姆·波顿 卡罗琳·汤普森,主演: 约翰尼·德普 / 薇诺娜·瑞德 / 黛安·韦斯特 / 安东尼·迈克尔·豪尔 / 凯西·贝克 / 罗伯特·奥利维里 / 康查塔·费雷尔 / 卡罗琳·阿隆 / 迪克·安东尼·威廉姆斯 / 澳澜·琼斯 / 文森特·普莱斯 / 艾伦·阿金 / 苏珊·布洛马特 / 约翰·戴维森 / Bryan Larkin / Victoria Price / Stuart Lancaster / Gina Gallagher / 阿隆·鲁斯汀 / 阿兰·弗吉 / 史蒂文·布里尔 / Peter Palmer / 马克·麦考利 / 唐娜·派洛尼 / Ken DeVaul / Kathy Dombo / Tabetha Thomas / 尼克·卡特,豆瓣链接：https://movie.douban.com/subject/1292370/,IMDb链接： https://www.imdb.com/title/tt0099487
No.90,勇敢的心 Braveheart,8.9,参评人数： 437684,类型： 剧情 动作 传记 历史 战争,制片国家:  美国,语言:  英语 / 法语 / 拉丁语 / 苏格兰盖尔语,上映日期： 1995-05-18(西雅图电影节) 1995-05-24(美国),片长： 177 分钟,又名:  惊世未了缘(港) / 梅尔吉勃逊之英雄本色(台),导演: 梅尔·吉布森,编剧: 兰道尔·华莱士,主演: 梅尔·吉布森 / 苏菲·玛索 / 布莱恩·考克斯 / 詹姆斯·科兹莫 / 辛·劳洛 / 凯瑟琳·麦克马克 / 安古斯·麦克菲登,豆瓣链接：https://movie.douban.com/subject/1294639/,IMDb链接： https://www.imdb.com/title/tt0112573
No.91,摩登时代 Modern Times,9.3,参评人数： 192243,类型： 剧情 喜剧 爱情,制片国家:  美国,语言:  英语,上映日期： 1936-02-25(美国),片长： 87分钟,"又名:  The Masses / Temps modernes, Les",导演: 查理·卓别林,编剧: 查理·卓别林,主演: 查理·卓别林 / 宝莲·高黛 / 亨利·伯格曼 / 蒂尼·桑福德 / 切斯特·康克林 / 汉克·曼 / 斯坦利·布莱斯通 / 阿尔·欧内斯特·加西亚 / 理查德·亚历山大 / 塞西尔·雷诺兹 / 米拉·麦金尼 / 默多克·麦夸里 / 威尔弗雷德·卢卡斯 / 爱德华·勒桑 / 弗雷德·马拉泰斯塔 / 萨米·斯坦 / 特德·奥利弗 / 诺曼·安斯利 / 博比·巴伯 / 海尼·康克林 / 格洛丽亚·德黑文 / 帕特·弗莱厄蒂 / 弗兰克·哈格尼 / 帕特·哈蒙 / 劳埃德·英格拉哈姆 / 沃尔特·詹姆斯 / 爱德华·金博尔 / 杰克·洛 / 巴迪·梅辛杰 / 布鲁斯·米切尔 / 弗兰克·莫兰 / 詹姆斯·C·莫顿 / 路易·纳托 / J·C·纽金特 / 拉斯·鲍威尔 / 约翰兰德 / 哈里·威尔逊,豆瓣链接：https://movie.douban.com/subject/1294371/,IMDb链接： https://www.imdb.com/title/tt0027977
No.92,天使爱美丽 Le fabuleux destin d'Amélie Poulain,8.7,参评人数： 755475,类型： 喜剧 爱情,制片国家:  法国 / 德国,语言:  法语 / 俄语,上映日期： 2001-04-25(法国) 2001-08-16(德国),片长： 122分钟,又名:  艾蜜莉的异想世界(台) / 天使艾米莉 / 天使艾美丽 / 阿梅丽的奇妙命运 / 艾蜜丽 / Amelie,导演: 让-皮埃尔·热内,编剧: 纪尧姆·洛朗 让-皮埃尔·热内,主演: 奥黛丽·塔图 / 马修·卡索维茨 / 吕菲斯 / 洛莱拉·克拉沃塔 / 塞尔日·梅兰 / 贾梅尔·杜布兹 / 克洛蒂尔德·莫勒 / 克莱尔·莫里耶 / 伊莎贝尔·南蒂 / 多米尼克·皮侬 / 阿尔蒂斯·德·彭居埃恩 / 友兰达·梦露 / 于尔班·康塞利埃 / 莫里斯·贝尼舒 / 米歇尔·罗班 / 安德烈·达芒 / 克洛德·佩隆 / 阿尔梅尔 / 迪基·奥尔加多 / Kevin Fernandes / 弗洛拉·吉耶 / 阿莫里·巴博尔 / 欧仁·贝蒂埃 / 让·达里 / 马克·阿米约,豆瓣链接：https://movie.douban.com/subject/1292215/,IMDb链接： https://www.imdb.com/title/tt0211915
No.93,喜剧之王 喜劇之王,8.7,参评人数： 648253,类型： 剧情 喜剧 爱情,制片国家:  中国香港,语言:  粤语,上映日期： 1999-02-13(中国香港),片长： 89分钟,又名:  King of Comedy,导演: 周星驰 李力持,编剧: 曾瑾昌 周星驰 李敏 郑文辉 冯勉恒 梁嘉杰,主演: 周星驰 / 张柏芝 / 莫文蔚 / 吴孟达 / 林子善 / 田启文 / 李兆基 / 成龙 / 李思捷 / 郑文辉,豆瓣链接：https://movie.douban.com/subject/1302425/,IMDb链接： https://www.imdb.com/title/tt0188766
No.94,加勒比海盗 Pirates of the Caribbean: The Curse of the Black Pearl,8.7,参评人数： 618291,类型： 动作 奇幻 冒险,制片国家:  美国,语言:  英语,上映日期： 2003-11-21(中国大陆) 2003-07-09(美国),片长： 143 分钟,又名:  加勒比海盗1：黑珍珠号的诅咒 / 神鬼奇航：鬼盗船魔咒(台) / 魔盗王：决战鬼盗船 / 海盗船,导演: 戈尔·维宾斯基,编剧: 泰德·艾略特 特里·鲁西奥 斯图尔特·贝亚蒂耶 杰·沃尔伯特,主演: 约翰尼·德普 / 杰弗里·拉什 / 奥兰多·布鲁姆 / 凯拉·奈特莉 / 杰克·达文波特 / 乔纳森·普雷斯,豆瓣链接：https://movie.douban.com/subject/1298070/,IMDb链接： https://www.imdb.com/title/tt0325980
No.95,致命ID Identity,8.8,参评人数： 543824,类型： 剧情 悬疑 惊悚,制片国家:  美国,语言:  英语,上映日期： 2003-04-25(美国),片长： 90分钟,又名:  杀人游戏 / 致命身份,导演: 詹姆斯·曼高德,编剧: 迈克尔·库尼,主演: 约翰·库萨克 / 雷·利奥塔 / 阿曼达·皮特 / 约翰·浩克斯 / 阿尔弗雷德·莫里纳 / 克里·杜瓦尔 / 约翰·C·麦金雷 / 威廉姆·李·斯科特 / 杰克·布塞 / 普路特·泰勒·文斯 / 瑞贝卡·德·莫妮 / 卡门·阿尔根齐亚诺 / 马绍尔·贝尔 / 莱拉·肯泽尔 / 马特·莱斯切尔 / 布莱特·罗尔 / 霍尔姆斯·奥斯本 / 弗雷德里克·科芬 / Joe Hart / Michael Hirsch / 泰伦斯·伯尼·海恩斯 ,豆瓣链接：https://movie.douban.com/subject/1297192/,IMDb链接： https://www.imdb.com/title/tt0309698
No.96,断背山 Brokeback Mountain,8.8,参评人数： 524361,类型： 剧情 爱情 同性 家庭,制片国家:  美国 / 加拿大,语言:  英语,上映日期： 2005-09-02(威尼斯电影节) 2006-01-06(加拿大) 2006-01-13(美国),片长： 134分钟,又名:  断臂山 / BBM,导演: 李安,编剧: 拉里·麦克穆特瑞 黛安娜·奥撒纳 安妮·普鲁,主演: 希斯·莱杰 / 杰克·吉伦哈尔 / 米歇尔·威廉姆斯 / 安妮·海瑟薇 / 凯特·玛拉 / 兰迪·奎德 / 琳达·卡德里尼 / 安娜·法瑞丝 / 格拉汉姆·贝克尔 / 斯科特·迈克尔·坎贝尔 / 大卫·哈伯 / 罗伯塔·马克斯韦尔 / 皮特·麦克罗比 / 夏恩·希尔 / 布鲁克琳·普劳克斯 / 杰克·丘奇,豆瓣链接：https://movie.douban.com/subject/1418834/,IMDb链接： http://www.brokebackmountain.com https://www.imdb.com/title/tt0388795
No.97,杀人回忆 살인의 추억,8.8,参评人数： 449487,类型： 剧情 动作 悬疑 惊悚 犯罪,制片国家:  韩国,语言:  韩语 / 英语,上映日期： 2003-05-02(韩国),片长： 132分钟,又名:  谋杀回忆 / 杀手回忆录 / Salinui chueok / Memories of Murder,导演: 奉俊昊,编剧: 奉俊昊 金光林 沈成宝,主演: 宋康昊 / 金相庆 / 金雷夏 / 宋在浩 / 边熙峰 / 高瑞熙 / 柳泰浩 / 朴努植 / 朴海日 / 全美善 / 徐永嬅 / 崔钟律 / 刘承睦 / 申贤宗 / 李在应 / 郑仁仙 / 吴龙 / 朴真宇 / 朴泰京 / 沈成宝,豆瓣链接：https://movie.douban.com/subject/1300299/,IMDb链接： https://www.imdb.com/title/tt0353969
No.98,幽灵公主 もののけ姫,8.9,参评人数： 385306,类型： 动画 奇幻 冒险,制片国家:  日本,语言:  日语,上映日期： 1997-07-12(日本),片长： 134分钟,又名:  魔法公主(台) / 幽灵少女 / 物之怪姬 / Mononoke-hime / Princess Mononoke,导演: 宫崎骏,编剧: 宫崎骏,主演: 松田洋治 / 石田百合子 / 田中裕子 / 小林薰 / 西村雅彦 / 上条恒彦 / 岛本须美 / 渡边哲 / 佐藤允 / 名古屋章 / 美轮明宏 / 森光子 / 森繁久弥,豆瓣链接：https://movie.douban.com/subject/1297359/,IMDb链接： https://www.imdb.com/title/tt0119698
No.99,狩猎 Jagten,9.1,参评人数： 242276,类型： 剧情,制片国家:  丹麦 / 瑞典,语言:  丹麦语 / 英语 / 波兰语,上映日期： 2012-05-20(戛纳电影节) 2013-01-10(丹麦),片长： 115分钟,又名:  谎言的烙印(台) / 诬网(港) / 捕猎 / The Hunt,导演: 托马斯·温特伯格,编剧: 托马斯·温特伯格 托比亚斯·林道赫姆,主演: 麦斯·米科尔森 / 托玛斯·博·拉森 / 安妮卡·韦德科普 / 拉丝·弗格斯托姆 / 苏西·沃德 / 安妮·路易丝·哈辛 / 拉斯·兰特 / 亚历山德拉·拉帕波特,豆瓣链接：https://movie.douban.com/subject/6985810/,IMDb链接： https://www.imdb.com/title/tt2106476
No.100,阳光灿烂的日子,8.8,参评人数： 442410,类型： 剧情 爱情,制片国家:  中国大陆 / 中国香港,语言:  汉语普通话,上映日期： 1995-06-28(中国香港) 1995-08-21(中国大陆) 1994-09-09(威尼斯电影节),片长： 134分钟(中国大陆),又名:  In the Heat of the Sun,导演: 姜文,编剧: 姜文 王朔,主演: 夏雨 / 宁静 / 陶虹 / 耿乐 / 斯琴高娃 / 冯小刚 / 刘小宁 / 姜文 / 王学圻 / 王朔 / 尚楠 / 方化 / 代少波 / 王海 / 姚二嘎 / 吴淑昆 / 左小青 / 韩冬 / 孙靖 / 刘斌 / 张维 / 杨彤林 / 王海 / 王福 / 胡贝贝 / 高保成 / 吴淑琨 / 张华 / 二勇 / 烈子 / 陈伟,豆瓣链接：https://movie.douban.com/subject/1291875/,IMDb链接： https://www.imdb.com/title/tt0111786
No.101,请以你的名字呼唤我 Call Me by Your Name,8.9,参评人数： 431109,类型： 剧情 爱情 同性,制片国家:  意大利 / 法国 / 巴西 / 美国 / 荷兰 / 德国,语言:  英语 / 意大利语 / 法语 / 德语 / 希伯来语,上映日期： 2017-01-22(圣丹斯电影节) 2017-11-24(美国),片长： 132分钟,又名:  以你的名字呼唤我(港/台) / 以你的名义呼唤我 / 唤吾汝名 / CMBYN / Chiamami col tuo nome,导演: 卢卡·瓜达尼诺,编剧: 詹姆斯·伊沃里 安德列·艾席蒙,主演: 艾米·汉莫 / 蒂莫西·柴勒梅德 / 迈克尔·斯图巴 / 阿蜜拉·卡萨 / 艾斯特·加瑞尔 / 维克图瓦尔·杜布瓦 / 旺妲·卡布里奥罗 / 安东尼奥·里莫尔迪 / 埃琳娜·布奇 / 马可·斯格罗索 / 安德列·艾席蒙 / 彼得·斯皮尔斯,豆瓣链接：https://movie.douban.com/subject/26799731/,IMDb链接： https://www.imdb.com/title/tt5726616
No.102,入殓师 おくりびと,8.8,参评人数： 443463,类型： 剧情,制片国家:  日本,语言:  日语,上映日期： 2008-09-13(日本),片长： 130 分钟,又名:  礼仪师之奏鸣曲(港) / 礼仪师(台) / 送行者-礼仪师的乐章(台) / 为逝者送行的人 / 纳棺师 / Departures / Okuribito,导演: 泷田洋二郎,编剧: 小山薰堂,主演: 本木雅弘 / 广末凉子 / 山崎努 / 吉行和子 / 笹野高史 / 余贵美子,豆瓣链接：https://movie.douban.com/subject/2149806/,IMDb链接： http://www.okuribito.jp https://www.imdb.com/title/tt1069238
No.103,哈利·波特与死亡圣器(下) Harry Potter and the Deathly Hallows: Part 2,8.8,参评人数： 515030,类型： 奇幻 冒险,制片国家:  美国 / 英国,语言:  英语,上映日期： 2011-08-04(中国大陆) 2011-07-15(美国),片长： 130分钟,又名:  哈利波特7：死神的圣物2(港/台) / 哈利·波特与死圣(下) / 哈7(下) / 哈利·波特大结局,导演: 大卫·叶茨,编剧: 史蒂夫·克洛夫斯 J·K·罗琳,主演: 丹尼尔·雷德克里夫 / 艾玛·沃森 / 鲁伯特·格林特 / 海伦娜·伯翰·卡特 / 拉尔夫·费因斯 / 艾伦·瑞克曼 / 玛吉·史密斯 / 汤姆·费尔顿 / 邦妮·怀特 / 朱丽·沃特斯 / 迈克尔·刚本 / 伊文娜·林奇 / 多姆纳尔·格里森 / 克蕾曼丝·波西 / 詹森·艾萨克 / 海伦·麦克洛瑞 / 马修·刘易斯 / 梁佩诗 / 约翰·赫特 / 大卫·休里斯 / 加里·奥德曼 / 吉姆·布劳德本特 / 艾玛·汤普森 / 娜塔丽·特纳 / 蒂莫西·斯波 / 大卫·布拉德利 / 罗彼·考特拉尼 / 凯莉·麦克唐纳 / 塞伦·希德,豆瓣链接：https://movie.douban.com/subject/3011235/,IMDb链接： https://www.imdb.com/title/tt1201607 https://site.douban.com/108361/
